{"stats":{"minecraft:dropped":{"minecraft:wheat_seeds":1},"minecraft:picked_up":{"minecraft:wheat_seeds":1,"minecraft:dirt":8},"minecraft:killed_by":{"duneons:mountaineer":2,"minecraft:player":1},"minecraft:used":{"duneons:goatgear_chestplate":1,"minecraft:dirt":8,"duneons:windhole":1,"duneons:goatgear_helmet":1},"minecraft:mined":{"minecraft:grass":10,"minecraft:grass_block":7,"minecraft:dirt":1,"minecraft:tall_grass":2},"minecraft:custom":{"minecraft:time_since_rest":2487,"minecraft:open_chest":4,"minecraft:crouch_one_cm":1141,"minecraft:sprint_one_cm":22691,"minecraft:play_time":12057,"minecraft:damage_taken":1008,"minecraft:deaths":4,"minecraft:walk_one_cm":11142,"minecraft:sneak_time":178,"minecraft:walk_under_water_one_cm":1422,"minecraft:drop":1,"minecraft:jump":365,"minecraft:damage_dealt":31,"minecraft:leave_game":1,"minecraft:time_since_death":2451,"minecraft:walk_on_water_one_cm":1446,"minecraft:climb_one_cm":16382,"minecraft:total_world_time":12057,"minecraft:swim_one_cm":1847,"minecraft:fall_one_cm":14340,"minecraft:fly_one_cm":93327}},"DataVersion":3465}