{"stats":{"minecraft:dropped":{"minecraft:wheat_seeds":2},"minecraft:used":{"minecraft:chicken":2,"minecraft:oak_planks":2,"minecraft:rotten_flesh":1,"minecraft:mutton":1},"minecraft:crafted":{"minecraft:oak_planks":32},"minecraft:killed":{"minecraft:sheep":1},"minecraft:mined":{"minecraft:cherry_log":4,"minecraft:grass":15,"minecraft:oak_log":7,"minecraft:sunflower":2,"minecraft:dirt":1,"biomesoplenty:barley":16,"minecraft:oak_leaves":2},"minecraft:killed_by":{"minecraft:player":1,"minecraft:skeleton":1,"born_in_chaos_v1:supreme_bonescaller":1},"minecraft:picked_up":{"minecraft:wooden_axe":1,"minecraft:stick":4,"minecraft:crafting_table":1,"minecraft:feather":5,"minecraft:chicken":2,"minecraft:cherry_planks":3,"minecraft:oak_log":12,"minecraft:cherry_log":5,"minecraft:dirt":4,"minecraft:rotten_flesh":3,"minecraft:wheat_seeds":5,"minecraft:gray_wool":1,"minecraft:mutton":2,"minecraft:mangrove_log":1,"minecraft:white_wool":1,"minecraft:sunflower":2},"minecraft:custom":{"minecraft:time_since_rest":2815,"minecraft:sprint_one_cm":37455,"minecraft:damage_taken":1145,"minecraft:walk_one_cm":29921,"minecraft:mob_kills":1,"minecraft:drop":2,"minecraft:damage_dealt":538,"minecraft:swim_one_cm":6619,"minecraft:player_kills":1,"minecraft:fly_one_cm":117623,"minecraft:crouch_one_cm":3008,"minecraft:play_time":14868,"minecraft:deaths":4,"minecraft:sneak_time":912,"minecraft:walk_under_water_one_cm":6256,"minecraft:jump":594,"minecraft:leave_game":5,"minecraft:time_since_death":2789,"minecraft:walk_on_water_one_cm":1373,"minecraft:total_world_time":14868,"minecraft:fall_one_cm":17708}},"DataVersion":3465}