{"stats":{"minecraft:dropped":{"minecraft:dirt":3,"minecraft:wheat_seeds":1,"minecraft:stick":2},"minecraft:killed_by":{"minecraft:creeper":1},"minecraft:custom":{"minecraft:time_since_rest":6589,"minecraft:crouch_one_cm":217,"minecraft:sprint_one_cm":22248,"minecraft:play_time":8261,"minecraft:damage_taken":495,"minecraft:deaths":1,"minecraft:walk_one_cm":11097,"minecraft:sneak_time":72,"minecraft:drop":4,"minecraft:jump":258,"minecraft:damage_dealt":10,"minecraft:leave_game":8,"minecraft:time_since_death":6011,"minecraft:total_world_time":8261,"minecraft:interact_with_crafting_table":1,"minecraft:fall_one_cm":13786,"minecraft:fly_one_cm":44179},"minecraft:crafted":{"minecraft:oak_planks":8,"minecraft:crafting_table":2},"minecraft:mined":{"minecraft:grass":1,"minecraft:grass_block":1,"minecraft:birch_leaves":1,"minecraft:oak_leaves":2},"minecraft:picked_up":{"minecraft:stick":2,"minecraft:wheat_seeds":1,"minecraft:oak_log":2,"minecraft:oak_sapling":1,"minecraft:dirt":6},"minecraft:used":{"minecraft:crafting_table":1}},"DataVersion":3465}