{"stats":{"minecraft:dropped":{"minecraft:wheat_seeds":4},"minecraft:picked_up":{"minecraft:wheat_seeds":4,"minecraft:dirt":8,"minecraft:egg":1},"minecraft:killed_by":{"minecraft:skeleton":1,"duneons:mountaineer":3,"minecraft:witch":1,"minecraft:zombie":1,"minecraft:player":1},"minecraft:used":{"duneons:goatgear_chestplate":1,"minecraft:dirt":8,"duneons:windhole":1,"minecraft:egg":1,"duneons:goatgear_helmet":1},"minecraft:mined":{"minecraft:grass":13,"minecraft:grass_block":7,"minecraft:dirt":1,"minecraft:tall_grass":4,"minecraft:oak_leaves":3},"minecraft:custom":{"minecraft:time_since_rest":1319,"minecraft:open_chest":6,"minecraft:crouch_one_cm":1838,"minecraft:sprint_one_cm":51816,"minecraft:play_time":24057,"minecraft:damage_taken":2178,"minecraft:deaths":8,"minecraft:walk_one_cm":20898,"minecraft:sneak_time":454,"minecraft:walk_under_water_one_cm":1680,"minecraft:drop":4,"minecraft:jump":688,"minecraft:damage_dealt":59,"minecraft:leave_game":1,"minecraft:time_since_death":1280,"minecraft:walk_on_water_one_cm":1689,"minecraft:climb_one_cm":16382,"minecraft:total_world_time":24057,"minecraft:swim_one_cm":3215,"minecraft:fall_one_cm":25442,"minecraft:fly_one_cm":178751}},"DataVersion":3465}