{"stats":{"minecraft:dropped":{"minecraft:wheat_seeds":1},"minecraft:used":{"minecraft:oak_planks":2},"minecraft:crafted":{"minecraft:oak_planks":32},"minecraft:killed_by":{"minecraft:player":1},"minecraft:mined":{"minecraft:grass":7,"minecraft:oak_log":6},"minecraft:picked_up":{"minecraft:rotten_flesh":2,"minecraft:wheat_seeds":2,"minecraft:oak_log":8},"minecraft:custom":{"minecraft:time_since_rest":27,"minecraft:crouch_one_cm":1147,"minecraft:damage_taken":450,"minecraft:sprint_one_cm":9759,"minecraft:play_time":6332,"minecraft:deaths":2,"minecraft:walk_one_cm":9110,"minecraft:sneak_time":468,"minecraft:walk_under_water_one_cm":6256,"minecraft:drop":1,"minecraft:jump":140,"minecraft:damage_dealt":199,"minecraft:leave_game":5,"minecraft:walk_on_water_one_cm":1373,"minecraft:time_since_death":0,"minecraft:total_world_time":6332,"minecraft:swim_one_cm":6619,"minecraft:fall_one_cm":3614,"minecraft:fly_one_cm":25790,"minecraft:player_kills":1}},"DataVersion":3465}