{"stats":{"minecraft:mined":{"minecraft:fern":1},"minecraft:killed_by":{"minecraft:zombie":1},"minecraft:custom":{"minecraft:jump":60,"minecraft:time_since_rest":656,"minecraft:damage_dealt":108,"minecraft:crouch_one_cm":247,"minecraft:deaths":1,"minecraft:sprint_one_cm":6934,"minecraft:play_time":2978,"minecraft:damage_taken":255,"minecraft:time_since_death":610,"minecraft:walk_one_cm":4211,"minecraft:sneak_time":69,"minecraft:climb_one_cm":54,"minecraft:total_world_time":2978,"minecraft:fall_one_cm":2450,"minecraft:fly_one_cm":13723}},"DataVersion":3465}