{"stats":{"minecraft:crafted":{"minecraft:cherry_planks":16,"minecraft:oak_planks":92,"minecraft:furnace":2,"minecraft:bone_meal":30,"minecraft:cooked_mutton":4,"minecraft:glass":12,"born_in_chaos_v1:pieceofdarkmetal":9,"minecraft:iron_boots":1,"minecraft:leather":8,"minecraft:smoker":2,"minecraft:wheat":117,"minecraft:cooked_beef":7,"born_in_chaos_v1:smoked_fish":2,"minecraft:cooked_porkchop":6,"minecraft:crafting_table":3,"minecraft:wooden_pickaxe":1,"minecraft:iron_sword":1,"minecraft:bread":22,"minecraft:air":0,"biomesoplenty:fir_planks":40,"minecraft:diamond_pickaxe":1,"minecraft:iron_chestplate":1,"minecraft:wooden_hoe":1,"minecraft:shield":1,"minecraft:stick":12,"born_in_chaos_v1:smoked_flesh":20,"minecraft:iron_ingot":21,"minecraft:iron_pickaxe":1,"minecraft:diamond_chestplate":1,"minecraft:white_bed":1},"minecraft:picked_up":{"minecraft:wooden_axe":16,"minecraft:iron_chestplate":12,"minecraft:crafting_table":8,"minecraft:wheat":483,"minecraft:chainmail_boots":2,"minecraft:chicken":2,"minecraft:brown_mushroom":46,"minecraft:wooden_pickaxe":9,"minecraft:oak_stairs":4,"minecraft:wither_rose":1,"minecraft:golden_shovel":10,"born_in_chaos_v1:bloody_gadfly_eye":1,"minecraft:chain":4,"minecraft:shield":1,"minecraft:string":12,"minecraft:dead_tube_coral_block":1,"minecraft:iron_leggings":12,"born_in_chaos_v1:intoxicating_decoction":1,"minecraft:cracked_stone_bricks":5,"minecraft:gold_nugget":15,"minecraft:cobbled_deepslate":41,"biomesoplenty:fir_planks":140,"minecraft:bucket":1,"minecraft:spruce_planks":6,"minecraft:beef":19,"minecraft:iron_nugget":20,"minecraft:poppy":9,"minecraft:iron_pickaxe":6,"minecraft:chest":9,"minecraft:mangrove_log":1,"minecraft:furnace":21,"minecraft:iron_boots":2,"minecraft:egg":1,"minecraft:tipped_arrow":7,"minecraft:golden_helmet":6,"minecraft:raw_iron":114,"minecraft:stick":32,"born_in_chaos_v1:shattered_skull":4,"minecraft:torch":90,"minecraft:porkchop":4,"minecraft:cherry_log":5,"minecraft:pointed_dripstone":1,"minecraft:diorite":2,"minecraft:iron_horse_armor":8,"iceandfire:silver_ingot":6,"minecraft:arrow":165,"minecraft:rotten_flesh":75,"born_in_chaos_v1:wood_splitter_axe":11,"minecraft:hay_block":35,"minecraft:gold_ingot":32,"minecraft:mutton":46,"minecraft:skeleton_skull":10,"minecraft:white_wool":12,"minecraft:cobblestone":107,"minecraft:birch_log":1,"born_in_chaos_v1:fused_bone":5,"minecraft:pink_petals":70,"born_in_chaos_v1:corpse_maggot":27,"minecraft:feather":9,"minecraft:cooked_beef":9,"born_in_chaos_v1:monster_flesh":1,"minecraft:cherry_planks":3,"minecraft:glow_ink_sac":4,"born_in_chaos_v1:spiritual_dust":30,"minecraft:salmon":1,"minecraft:leather":32,"minecraft:smoker":7,"biomesoplenty:fir_log":30,"minecraft:tuff":3,"minecraft:oak_log":50,"iceandfire:ectoplasm":21,"minecraft:gunpowder":16,"minecraft:dirt":26,"born_in_chaos_v1:monster_skin":49,"minecraft:cooked_mutton":4,"minecraft:bone":125,"minecraft:apple":2,"minecraft:stone_bricks":1,"minecraft:wheat_seeds":80,"born_in_chaos_v1:smoked_flesh":7,"minecraft:iron_ingot":85,"minecraft:stone_pickaxe":15,"minecraft:oak_planks":195,"minecraft:iron_sword":7,"minecraft:book":213,"born_in_chaos_v1:death_totem":1,"born_in_chaos_v1:orbofthe_summoner":8,"born_in_chaos_v1:ethereal_spirit":38,"minecraft:poisonous_potato":5,"minecraft:gravel":7,"minecraft:white_bed":9,"minecraft:dark_oak_log":2,"minecraft:spider_eye":4,"minecraft:diamond":66,"minecraft:stone_axe":4,"minecraft:dead_brain_coral_block":3,"minecraft:iron_helmet":9,"minecraft:granite":1,"minecraft:bone_meal":2,"minecraft:golden_apple":1,"minecraft:gray_wool":8,"minecraft:emerald":8,"minecraft:bread":64,"minecraft:oak_sapling":4,"born_in_chaos_v1:rotten_fish":28,"minecraft:netherrack":1,"minecraft:coal":74,"minecraft:crimson_roots":4,"iceandfire:raw_silver":52,"minecraft:sunflower":4},"minecraft:killed":{"minecraft:cave_spider":1,"born_in_chaos_v1:restless_spirit":2,"born_in_chaos_v1:zombie_lumberjack":4,"minecraft:spider":1,"born_in_chaos_v1:skeleton_thrasher_not_despawn":1,"born_in_chaos_v1:maggot":3,"minecraft:skeleton":4,"born_in_chaos_v1:supreme_bonescaller_stage_2":1,"minecraft:pig":2,"minecraft:salmon":1,"minecraft:iron_golem":1,"minecraft:creeper":1,"born_in_chaos_v1:decrepit_skeleton":2,"minecraft:sheep":9,"born_in_chaos_v1:bloody_gadfly":1,"born_in_chaos_v1:zombie_fisherman":1,"minecraft:zombie":7,"iceandfire:ghost":10,"born_in_chaos_v1:corpse_fly":9,"minecraft:stray":9,"born_in_chaos_v1:siamese_skeletonsleft":1,"minecraft:cow":8},"minecraft:broken":{"minecraft:chainmail_boots":1,"minecraft:stone_pickaxe":1,"minecraft:wooden_axe":1,"born_in_chaos_v1:wood_splitter_axe":1},"minecraft:killed_by":{"minecraft:player":1,"minecraft:stray":5,"minecraft:creeper":3,"born_in_chaos_v1:skeleton_thrasher":1,"born_in_chaos_v1:supreme_bonescaller":1,"minecraft:iron_golem":1,"minecraft:cave_spider":2,"minecraft:skeleton":5,"born_in_chaos_v1:supreme_bonescaller_stage_2":1,"iceandfire:ghost":2,"minecraft:vex":1},"minecraft:custom":{"minecraft:mob_kills":79,"minecraft:interact_with_crafting_table":27,"minecraft:open_barrel":7,"minecraft:damage_dealt_resisted":443,"minecraft:leave_game":10,"minecraft:time_since_death":13607,"minecraft:climb_one_cm":633,"minecraft:sprint_one_cm":475623,"minecraft:walk_one_cm":398271,"minecraft:damage_blocked_by_shield":570,"minecraft:drop":75,"minecraft:talked_to_villager":1,"minecraft:play_time":143243,"minecraft:sneak_time":8232,"minecraft:deaths":24,"minecraft:walk_under_water_one_cm":10887,"minecraft:interact_with_brewingstand":2,"minecraft:jump":4328,"minecraft:walk_on_water_one_cm":33150,"minecraft:total_world_time":143243,"minecraft:interact_with_furnace":24,"minecraft:sleep_in_bed":3,"minecraft:time_since_rest":13634,"minecraft:damage_taken":9897,"minecraft:damage_absorbed":40,"minecraft:trigger_trapped_chest":4,"minecraft:damage_dealt":15657,"minecraft:player_kills":1,"minecraft:swim_one_cm":28435,"minecraft:fly_one_cm":888957,"minecraft:open_chest":44,"minecraft:crouch_one_cm":28604,"minecraft:fall_one_cm":135468,"minecraft:interact_with_smoker":19},"minecraft:used":{"born_in_chaos_v1:ethereal_spirit":1,"minecraft:spruce_planks":3,"born_in_chaos_v1:smoked_fish":2,"minecraft:shield":15,"minecraft:iron_sword":73,"minecraft:rotten_flesh":10,"minecraft:iron_chestplate":4,"minecraft:torch":19,"minecraft:dirt":9,"minecraft:mutton":16,"minecraft:tuff":3,"minecraft:wooden_axe":27,"born_in_chaos_v1:corpse_maggot":18,"born_in_chaos_v1:smoked_flesh":11,"minecraft:iron_helmet":2,"minecraft:iron_boots":2,"minecraft:beef":9,"minecraft:furnace":4,"minecraft:egg":2,"minecraft:potato":14,"minecraft:cooked_beef":7,"minecraft:cobbled_deepslate":23,"minecraft:wheat_seeds":12,"minecraft:iron_leggings":5,"minecraft:cooked_mutton":7,"minecraft:oak_planks":9,"minecraft:stone_pickaxe":41,"minecraft:wooden_pickaxe":13,"biomesoplenty:fir_planks":8,"minecraft:golden_apple":1,"minecraft:white_wool":5,"minecraft:salmon":1,"minecraft:crafting_table":9,"minecraft:white_bed":6,"minecraft:smoker":4,"minecraft:oak_log":1,"minecraft:wooden_hoe":2,"minecraft:apple":2,"minecraft:chicken":2,"minecraft:bread":11,"minecraft:iron_pickaxe":144,"minecraft:gravel":1,"minecraft:golden_helmet":2,"minecraft:stone_axe":25,"minecraft:porkchop":2,"born_in_chaos_v1:rotten_fish":2,"minecraft:chainmail_boots":2,"minecraft:cobblestone":35,"minecraft:gray_wool":1,"minecraft:cooked_porkchop":2,"minecraft:cobweb":1,"born_in_chaos_v1:wood_splitter_axe":151,"minecraft:bone_meal":31},"minecraft:dropped":{"born_in_chaos_v1:intoxicating_decoction":1,"minecraft:brown_mushroom":22,"minecraft:wheat_seeds":73,"minecraft:golden_helmet":1,"minecraft:oak_log":2,"minecraft:cobblestone":7,"minecraft:iron_horse_armor":1,"minecraft:cracked_stone_bricks":2,"minecraft:emerald":9,"minecraft:stick":3,"minecraft:dirt":11,"minecraft:gray_wool":1,"minecraft:diorite":2,"minecraft:wooden_hoe":1,"minecraft:crimson_roots":1,"minecraft:wooden_axe":1,"minecraft:chain":1,"minecraft:wither_rose":1,"minecraft:sunflower":2,"minecraft:string":2,"minecraft:pink_petals":50,"minecraft:white_wool":1,"minecraft:gravel":3,"minecraft:stone_axe":1,"minecraft:cobbled_deepslate":1,"minecraft:pointed_dripstone":1,"minecraft:oak_planks":41,"minecraft:poppy":3,"minecraft:gunpowder":2,"minecraft:skeleton_skull":1,"born_in_chaos_v1:corpse_maggot":2,"minecraft:oak_sapling":4,"minecraft:spider_eye":4,"minecraft:stone_bricks":1,"minecraft:arrow":16,"minecraft:stone_pickaxe":1,"minecraft:wooden_pickaxe":1,"minecraft:dead_brain_coral_block":2,"minecraft:netherrack":1,"minecraft:dead_tube_coral_block":1},"minecraft:mined":{"minecraft:spruce_planks":7,"minecraft:white_bed":6,"iceandfire:graveyard_soil":1,"iceandfire:silver_ore":6,"minecraft:deepslate_diamond_ore":13,"minecraft:cherry_log":4,"minecraft:granite":1,"biomesoplenty:bush":3,"minecraft:grass_block":6,"minecraft:dead_tube_coral_block":1,"minecraft:spawner":2,"minecraft:hay_block":9,"minecraft:furnace":4,"minecraft:iron_ore":47,"minecraft:bookshelf":4,"minecraft:dirt_path":2,"minecraft:deepslate_iron_ore":3,"minecraft:vine":2,"minecraft:dead_tube_coral":1,"biomesoplenty:barley":16,"minecraft:stone":38,"biomesoplenty:spider_egg":1,"minecraft:spruce_slab":2,"minecraft:smoker":3,"minecraft:crafting_table":6,"minecraft:poppy":1,"minecraft:tall_grass":8,"minecraft:cobblestone":14,"minecraft:dead_tube_coral_fan":1,"minecraft:oak_planks":3,"minecraft:wall_torch":1,"minecraft:pink_petals":1,"minecraft:wheat":12,"biomesoplenty:fir_log":10,"minecraft:grass":33,"minecraft:dead_brain_coral_block":1,"minecraft:coal_ore":8,"minecraft:oak_log":18,"minecraft:sunflower":2,"minecraft:dirt":7,"biomesoplenty:stringy_cobweb":2,"minecraft:cracked_stone_bricks":1,"minecraft:stone_bricks":1,"minecraft:netherrack":1,"minecraft:oak_leaves":3,"minecraft:deepslate":7}},"DataVersion":3465}