{"stats":{"minecraft:crafted":{"minecraft:cherry_planks":16,"minecraft:oak_planks":72,"minecraft:furnace":1,"minecraft:wheat":117,"minecraft:cooked_beef":4,"minecraft:crafting_table":2,"minecraft:wooden_pickaxe":1,"minecraft:bread":18,"minecraft:air":0,"minecraft:iron_chestplate":1,"minecraft:white_bed":1},"minecraft:custom":{"minecraft:mob_kills":40,"minecraft:interact_with_crafting_table":7,"minecraft:open_barrel":7,"minecraft:leave_game":10,"minecraft:time_since_death":528,"minecraft:sprint_one_cm":238148,"minecraft:walk_one_cm":179255,"minecraft:drop":35,"minecraft:play_time":66145,"minecraft:sneak_time":4157,"minecraft:deaths":13,"minecraft:walk_under_water_one_cm":7184,"minecraft:jump":2252,"minecraft:walk_on_water_one_cm":5768,"minecraft:total_world_time":66145,"minecraft:interact_with_furnace":8,"minecraft:sleep_in_bed":2,"minecraft:time_since_rest":556,"minecraft:damage_taken":4987,"minecraft:damage_absorbed":40,"minecraft:trigger_trapped_chest":3,"minecraft:damage_dealt":7857,"minecraft:swim_one_cm":20953,"minecraft:fly_one_cm":495154,"minecraft:player_kills":1,"minecraft:open_chest":15,"minecraft:crouch_one_cm":13466,"minecraft:fall_one_cm":69439},"minecraft:picked_up":{"minecraft:wooden_axe":10,"minecraft:crafting_table":5,"minecraft:iron_chestplate":6,"minecraft:wheat":387,"minecraft:chainmail_boots":2,"minecraft:chicken":2,"minecraft:brown_mushroom":20,"minecraft:wooden_pickaxe":9,"minecraft:string":11,"born_in_chaos_v1:intoxicating_decoction":1,"minecraft:cracked_stone_bricks":4,"minecraft:gold_nugget":7,"minecraft:bucket":1,"minecraft:spruce_planks":6,"minecraft:beef":16,"minecraft:poppy":6,"minecraft:chest":7,"minecraft:mangrove_log":1,"minecraft:egg":1,"minecraft:furnace":6,"minecraft:tipped_arrow":5,"minecraft:golden_helmet":5,"minecraft:stick":4,"born_in_chaos_v1:shattered_skull":4,"minecraft:torch":83,"minecraft:cherry_log":5,"minecraft:diorite":2,"minecraft:iron_horse_armor":3,"iceandfire:silver_ingot":6,"minecraft:arrow":115,"minecraft:rotten_flesh":22,"born_in_chaos_v1:wood_splitter_axe":7,"minecraft:hay_block":35,"minecraft:gold_ingot":18,"minecraft:mutton":46,"minecraft:cobblestone":44,"minecraft:skeleton_skull":5,"minecraft:white_wool":12,"minecraft:pink_petals":25,"born_in_chaos_v1:corpse_maggot":6,"minecraft:feather":5,"minecraft:cherry_planks":3,"minecraft:salmon":1,"minecraft:leather":28,"minecraft:oak_log":36,"iceandfire:ectoplasm":17,"minecraft:dirt":20,"minecraft:cooked_mutton":4,"born_in_chaos_v1:monster_skin":18,"minecraft:bone":50,"minecraft:apple":2,"minecraft:stone_bricks":1,"minecraft:wheat_seeds":12,"minecraft:stone_pickaxe":8,"minecraft:iron_ingot":24,"minecraft:oak_planks":64,"minecraft:book":118,"born_in_chaos_v1:ethereal_spirit":18,"minecraft:poisonous_potato":5,"minecraft:white_bed":3,"minecraft:spider_eye":4,"minecraft:stone_axe":4,"minecraft:bone_meal":2,"minecraft:golden_apple":1,"minecraft:gray_wool":8,"minecraft:emerald":8,"minecraft:bread":64,"born_in_chaos_v1:rotten_fish":16,"minecraft:netherrack":1,"minecraft:coal":22,"iceandfire:raw_silver":6,"minecraft:sunflower":4},"minecraft:killed_by":{"minecraft:player":1,"minecraft:stray":5,"born_in_chaos_v1:supreme_bonescaller":1,"minecraft:iron_golem":1,"minecraft:cave_spider":2,"minecraft:skeleton":1,"minecraft:vex":1},"minecraft:mined":{"minecraft:spruce_planks":7,"minecraft:white_bed":3,"iceandfire:graveyard_soil":1,"minecraft:cherry_log":4,"biomesoplenty:bush":3,"minecraft:grass_block":4,"minecraft:spawner":2,"minecraft:hay_block":9,"minecraft:furnace":1,"minecraft:bookshelf":4,"minecraft:dirt_path":2,"minecraft:vine":2,"biomesoplenty:barley":16,"minecraft:stone":2,"minecraft:spruce_slab":2,"minecraft:crafting_table":2,"minecraft:poppy":1,"minecraft:tall_grass":6,"minecraft:cobblestone":12,"minecraft:oak_planks":1,"minecraft:wall_torch":1,"minecraft:pink_petals":1,"minecraft:grass":26,"minecraft:oak_log":9,"minecraft:sunflower":2,"minecraft:dirt":3,"minecraft:cracked_stone_bricks":1,"minecraft:stone_bricks":1,"minecraft:netherrack":1,"minecraft:oak_leaves":3},"minecraft:used":{"minecraft:spruce_planks":3,"minecraft:rotten_flesh":4,"minecraft:iron_chestplate":3,"minecraft:torch":19,"minecraft:dirt":3,"minecraft:mutton":16,"born_in_chaos_v1:corpse_maggot":6,"minecraft:wooden_axe":19,"minecraft:beef":6,"minecraft:furnace":1,"minecraft:potato":14,"minecraft:egg":1,"minecraft:cooked_beef":4,"minecraft:cooked_mutton":4,"minecraft:stone_pickaxe":25,"minecraft:oak_planks":2,"minecraft:wooden_pickaxe":13,"minecraft:white_wool":5,"minecraft:salmon":1,"minecraft:golden_apple":1,"minecraft:crafting_table":5,"minecraft:white_bed":4,"minecraft:apple":2,"minecraft:chicken":2,"minecraft:bread":7,"minecraft:golden_helmet":1,"minecraft:stone_axe":21,"minecraft:cobblestone":14,"minecraft:chainmail_boots":2,"born_in_chaos_v1:wood_splitter_axe":86,"minecraft:gray_wool":1,"minecraft:bone_meal":1,"minecraft:cobweb":1},"minecraft:dropped":{"born_in_chaos_v1:intoxicating_decoction":1,"minecraft:brown_mushroom":4,"minecraft:wheat_seeds":9,"minecraft:cobblestone":1,"minecraft:iron_horse_armor":1,"minecraft:cracked_stone_bricks":1,"minecraft:emerald":9,"minecraft:dirt":11,"minecraft:gray_wool":1,"minecraft:diorite":2,"minecraft:sunflower":2,"minecraft:string":1,"minecraft:pink_petals":20,"minecraft:white_wool":1,"minecraft:stone_axe":1,"minecraft:oak_planks":41,"minecraft:skeleton_skull":1,"minecraft:spider_eye":4,"minecraft:stone_bricks":1,"minecraft:arrow":15,"minecraft:wooden_pickaxe":1,"minecraft:netherrack":1},"minecraft:killed":{"born_in_chaos_v1:restless_spirit":1,"born_in_chaos_v1:zombie_lumberjack":1,"minecraft:spider":1,"born_in_chaos_v1:skeleton_thrasher_not_despawn":1,"minecraft:salmon":1,"minecraft:iron_golem":1,"born_in_chaos_v1:decrepit_skeleton":1,"minecraft:sheep":9,"minecraft:zombie":1,"iceandfire:ghost":5,"born_in_chaos_v1:corpse_fly":2,"minecraft:stray":9,"minecraft:cow":7},"minecraft:broken":{"minecraft:chainmail_boots":1}},"DataVersion":3465}