{"stats":{"minecraft:mined":{"minecraft:large_fern":4,"minecraft:grass":3,"minecraft:dark_oak_leaves":1,"minecraft:dark_oak_log":1,"minecraft:fern":27,"minecraft:big_dripleaf":1},"minecraft:picked_up":{"minecraft:feather":1,"minecraft:chicken":1,"minecraft:big_dripleaf":3,"minecraft:wheat_seeds":1,"minecraft:dark_oak_log":1},"minecraft:killed_by":{"born_in_chaos_v1:thornshell_crab":1,"minecraft:zombie":2},"minecraft:dropped":{"minecraft:wheat_seeds":1},"minecraft:custom":{"minecraft:time_since_rest":1197,"minecraft:crouch_one_cm":1761,"minecraft:play_time":14978,"minecraft:sprint_one_cm":38878,"minecraft:walk_one_cm":16728,"minecraft:damage_taken":765,"minecraft:deaths":3,"minecraft:sneak_time":448,"minecraft:walk_under_water_one_cm":1095,"minecraft:drop":1,"minecraft:jump":491,"minecraft:damage_dealt":188,"minecraft:time_since_death":1167,"minecraft:walk_on_water_one_cm":1278,"minecraft:total_world_time":14978,"minecraft:climb_one_cm":795,"minecraft:swim_one_cm":3387,"minecraft:fly_one_cm":92427,"minecraft:fall_one_cm":17747},"minecraft:used":{"minecraft:big_dripleaf":3,"minecraft:dark_oak_log":1}},"DataVersion":3465}