{"stats":{"minecraft:dropped":{"minecraft:wheat_seeds":4,"minecraft:bone":1},"minecraft:picked_up":{"minecraft:bone":1,"minecraft:wheat_seeds":4,"born_in_chaos_v1:rotten_fish":1,"minecraft:dirt":8,"minecraft:egg":1},"minecraft:killed_by":{"minecraft:skeleton":2,"duneons:mountaineer":3,"minecraft:witch":1,"duneons:tempestgolem":1,"minecraft:zombie":1,"minecraft:player":1},"minecraft:used":{"duneons:goatgear_chestplate":1,"minecraft:dirt":8,"born_in_chaos_v1:rotten_fish":1,"duneons:windhole":1,"minecraft:egg":1,"duneons:goatgear_helmet":1},"minecraft:mined":{"minecraft:grass":32,"minecraft:grass_block":7,"minecraft:dirt":1,"minecraft:tall_grass":4,"minecraft:oak_leaves":3,"minecraft:fern":1},"minecraft:custom":{"minecraft:time_since_rest":4636,"minecraft:open_chest":6,"minecraft:crouch_one_cm":1901,"minecraft:sprint_one_cm":71111,"minecraft:play_time":29434,"minecraft:damage_taken":2613,"minecraft:deaths":10,"minecraft:walk_one_cm":24413,"minecraft:sneak_time":510,"minecraft:walk_under_water_one_cm":2045,"minecraft:drop":5,"minecraft:jump":918,"minecraft:damage_dealt":103,"minecraft:leave_game":2,"minecraft:time_since_death":4367,"minecraft:walk_on_water_one_cm":1958,"minecraft:climb_one_cm":16382,"minecraft:total_world_time":29434,"minecraft:swim_one_cm":4965,"minecraft:fall_one_cm":34684,"minecraft:fly_one_cm":252273}},"DataVersion":3465}