{"stats":{"minecraft:crafted":{"minecraft:cherry_planks":16,"minecraft:oak_planks":92,"minecraft:furnace":1,"minecraft:wheat":117,"minecraft:cooked_beef":4,"minecraft:crafting_table":2,"minecraft:wooden_pickaxe":1,"minecraft:bread":18,"minecraft:air":0,"minecraft:iron_chestplate":1,"minecraft:stick":8,"minecraft:iron_pickaxe":1,"minecraft:iron_ingot":1,"minecraft:white_bed":1},"minecraft:custom":{"minecraft:mob_kills":49,"minecraft:interact_with_crafting_table":11,"minecraft:open_barrel":7,"minecraft:damage_dealt_resisted":304,"minecraft:leave_game":10,"minecraft:time_since_death":20129,"minecraft:sprint_one_cm":316942,"minecraft:walk_one_cm":264756,"minecraft:drop":48,"minecraft:play_time":86960,"minecraft:deaths":14,"minecraft:sneak_time":4727,"minecraft:walk_under_water_one_cm":7419,"minecraft:interact_with_brewingstand":2,"minecraft:jump":2839,"minecraft:walk_on_water_one_cm":6377,"minecraft:total_world_time":86960,"minecraft:interact_with_furnace":8,"minecraft:sleep_in_bed":3,"minecraft:time_since_rest":15387,"minecraft:damage_taken":5511,"minecraft:damage_absorbed":40,"minecraft:trigger_trapped_chest":3,"minecraft:damage_dealt":8929,"minecraft:swim_one_cm":23069,"minecraft:fly_one_cm":637949,"minecraft:player_kills":1,"minecraft:open_chest":35,"minecraft:crouch_one_cm":16739,"minecraft:fall_one_cm":88168},"minecraft:picked_up":{"minecraft:wooden_axe":13,"minecraft:crafting_table":5,"minecraft:iron_chestplate":8,"minecraft:wheat":453,"minecraft:chainmail_boots":2,"minecraft:chicken":2,"minecraft:brown_mushroom":37,"minecraft:wooden_pickaxe":9,"minecraft:oak_stairs":1,"minecraft:wither_rose":1,"minecraft:chain":1,"minecraft:string":12,"minecraft:dead_tube_coral_block":1,"minecraft:iron_leggings":2,"born_in_chaos_v1:intoxicating_decoction":1,"minecraft:cracked_stone_bricks":5,"minecraft:gold_nugget":9,"minecraft:bucket":1,"minecraft:spruce_planks":6,"minecraft:beef":16,"minecraft:poppy":7,"minecraft:chest":9,"minecraft:furnace":8,"minecraft:mangrove_log":1,"minecraft:egg":1,"minecraft:golden_helmet":6,"minecraft:tipped_arrow":7,"minecraft:stick":4,"born_in_chaos_v1:shattered_skull":4,"minecraft:torch":90,"minecraft:cherry_log":5,"minecraft:diorite":2,"minecraft:iron_horse_armor":5,"minecraft:rotten_flesh":38,"iceandfire:silver_ingot":6,"minecraft:arrow":140,"born_in_chaos_v1:wood_splitter_axe":9,"minecraft:hay_block":35,"minecraft:gold_ingot":18,"minecraft:mutton":46,"minecraft:cobblestone":50,"minecraft:skeleton_skull":7,"minecraft:white_wool":12,"born_in_chaos_v1:corpse_maggot":18,"minecraft:pink_petals":40,"minecraft:feather":9,"minecraft:cherry_planks":3,"born_in_chaos_v1:spiritual_dust":3,"minecraft:salmon":1,"minecraft:leather":32,"minecraft:oak_log":41,"iceandfire:ectoplasm":21,"minecraft:dirt":21,"born_in_chaos_v1:monster_skin":21,"minecraft:cooked_mutton":4,"minecraft:bone":68,"minecraft:apple":2,"minecraft:stone_bricks":1,"minecraft:wheat_seeds":12,"born_in_chaos_v1:smoked_flesh":6,"minecraft:stone_pickaxe":10,"minecraft:iron_ingot":28,"minecraft:oak_planks":90,"minecraft:book":156,"born_in_chaos_v1:death_totem":1,"born_in_chaos_v1:orbofthe_summoner":1,"born_in_chaos_v1:ethereal_spirit":22,"minecraft:poisonous_potato":5,"minecraft:white_bed":4,"minecraft:spider_eye":4,"minecraft:diamond":2,"minecraft:stone_axe":4,"minecraft:iron_helmet":2,"minecraft:dead_brain_coral_block":3,"minecraft:bone_meal":2,"minecraft:golden_apple":1,"minecraft:gray_wool":8,"minecraft:emerald":8,"minecraft:bread":64,"minecraft:oak_sapling":2,"minecraft:crimson_roots":1,"born_in_chaos_v1:rotten_fish":21,"minecraft:netherrack":1,"minecraft:coal":22,"iceandfire:raw_silver":8,"minecraft:sunflower":4},"minecraft:killed_by":{"minecraft:player":1,"minecraft:stray":5,"born_in_chaos_v1:supreme_bonescaller":1,"minecraft:iron_golem":1,"minecraft:cave_spider":2,"minecraft:skeleton":1,"born_in_chaos_v1:supreme_bonescaller_stage_2":1,"minecraft:vex":1},"minecraft:mined":{"minecraft:spruce_planks":7,"minecraft:white_bed":5,"iceandfire:graveyard_soil":1,"minecraft:cherry_log":4,"biomesoplenty:bush":3,"minecraft:grass_block":5,"minecraft:dead_tube_coral_block":1,"minecraft:spawner":2,"minecraft:hay_block":9,"minecraft:furnace":1,"minecraft:dead_tube_coral":1,"minecraft:bookshelf":4,"minecraft:vine":2,"minecraft:dirt_path":2,"biomesoplenty:barley":16,"minecraft:stone":2,"minecraft:spruce_slab":2,"minecraft:crafting_table":2,"minecraft:poppy":1,"minecraft:tall_grass":6,"minecraft:cobblestone":14,"minecraft:dead_tube_coral_fan":1,"minecraft:oak_planks":1,"minecraft:wall_torch":1,"minecraft:pink_petals":1,"minecraft:grass":27,"minecraft:dead_brain_coral_block":1,"minecraft:oak_log":14,"minecraft:sunflower":2,"minecraft:dirt":3,"minecraft:cracked_stone_bricks":1,"minecraft:stone_bricks":1,"minecraft:netherrack":1,"minecraft:oak_leaves":3},"minecraft:used":{"minecraft:spruce_planks":3,"minecraft:rotten_flesh":10,"minecraft:iron_chestplate":4,"minecraft:torch":19,"minecraft:dirt":4,"minecraft:mutton":16,"born_in_chaos_v1:corpse_maggot":18,"minecraft:wooden_axe":19,"minecraft:beef":6,"minecraft:furnace":1,"minecraft:cooked_beef":4,"minecraft:egg":2,"minecraft:potato":14,"minecraft:cooked_mutton":4,"minecraft:stone_pickaxe":31,"minecraft:oak_planks":2,"minecraft:wooden_pickaxe":13,"minecraft:golden_apple":1,"minecraft:white_wool":5,"minecraft:salmon":1,"minecraft:crafting_table":5,"minecraft:white_bed":4,"minecraft:apple":2,"minecraft:chicken":2,"minecraft:bread":7,"minecraft:golden_helmet":2,"minecraft:stone_axe":21,"born_in_chaos_v1:rotten_fish":1,"minecraft:cobblestone":14,"minecraft:chainmail_boots":2,"born_in_chaos_v1:wood_splitter_axe":108,"minecraft:gray_wool":1,"minecraft:bone_meal":1,"minecraft:cobweb":1},"minecraft:dropped":{"born_in_chaos_v1:intoxicating_decoction":1,"minecraft:brown_mushroom":13,"minecraft:wheat_seeds":9,"minecraft:golden_helmet":1,"minecraft:cobblestone":7,"minecraft:iron_horse_armor":1,"minecraft:cracked_stone_bricks":1,"minecraft:emerald":9,"minecraft:dirt":11,"minecraft:gray_wool":1,"minecraft:diorite":2,"minecraft:wooden_axe":1,"minecraft:wither_rose":1,"minecraft:sunflower":2,"minecraft:string":2,"minecraft:pink_petals":20,"minecraft:white_wool":1,"minecraft:stone_axe":1,"minecraft:oak_planks":41,"minecraft:skeleton_skull":1,"minecraft:spider_eye":4,"minecraft:stone_bricks":1,"minecraft:arrow":15,"minecraft:stone_pickaxe":1,"minecraft:wooden_pickaxe":1,"minecraft:dead_tube_coral_block":1,"minecraft:netherrack":1},"minecraft:killed":{"born_in_chaos_v1:zombie_lumberjack":1,"born_in_chaos_v1:restless_spirit":1,"minecraft:spider":1,"born_in_chaos_v1:skeleton_thrasher_not_despawn":1,"born_in_chaos_v1:supreme_bonescaller_stage_2":1,"minecraft:salmon":1,"minecraft:iron_golem":1,"born_in_chaos_v1:decrepit_skeleton":1,"minecraft:sheep":9,"minecraft:zombie":1,"iceandfire:ghost":6,"born_in_chaos_v1:corpse_fly":9,"minecraft:stray":9,"minecraft:cow":7},"minecraft:broken":{"minecraft:chainmail_boots":1}},"DataVersion":3465}