{"stats":{"minecraft:crafted":{"minecraft:cherry_planks":16,"minecraft:oak_planks":40,"minecraft:wooden_pickaxe":1,"minecraft:iron_chestplate":1},"minecraft:custom":{"minecraft:interact_with_furnace":4,"minecraft:mob_kills":6,"minecraft:interact_with_crafting_table":2,"minecraft:open_barrel":4,"minecraft:leave_game":9,"minecraft:time_since_death":6810,"minecraft:time_since_rest":6869,"minecraft:sprint_one_cm":83867,"minecraft:damage_taken":1551,"minecraft:walk_one_cm":72529,"minecraft:drop":10,"minecraft:damage_dealt":1758,"minecraft:swim_one_cm":9910,"minecraft:fly_one_cm":224337,"minecraft:player_kills":1,"minecraft:open_chest":10,"minecraft:crouch_one_cm":8196,"minecraft:play_time":31571,"minecraft:deaths":5,"minecraft:sneak_time":2263,"minecraft:walk_under_water_one_cm":6344,"minecraft:jump":1089,"minecraft:walk_on_water_one_cm":1813,"minecraft:total_world_time":31571,"minecraft:fall_one_cm":35444},"minecraft:picked_up":{"minecraft:wooden_axe":2,"minecraft:pink_petals":5,"minecraft:crafting_table":4,"minecraft:feather":5,"minecraft:chainmail_boots":1,"minecraft:chicken":2,"minecraft:cherry_planks":3,"minecraft:leather":1,"minecraft:wooden_pickaxe":2,"minecraft:oak_log":18,"minecraft:dirt":20,"minecraft:cooked_mutton":4,"minecraft:wheat_seeds":12,"minecraft:bucket":1,"minecraft:spruce_planks":3,"minecraft:beef":1,"minecraft:stone_pickaxe":1,"minecraft:poppy":1,"minecraft:chest":1,"minecraft:mangrove_log":1,"minecraft:stick":4,"minecraft:torch":18,"born_in_chaos_v1:ethereal_spirit":2,"minecraft:cherry_log":5,"minecraft:diorite":2,"minecraft:rotten_flesh":5,"born_in_chaos_v1:wood_splitter_axe":1,"minecraft:stone_axe":1,"minecraft:hay_block":22,"minecraft:bone_meal":1,"minecraft:gray_wool":2,"born_in_chaos_v1:rotten_fish":2,"minecraft:netherrack":1,"minecraft:mutton":7,"minecraft:white_wool":5,"iceandfire:raw_silver":1,"minecraft:cobblestone":15,"minecraft:sunflower":4},"minecraft:killed_by":{"minecraft:player":1,"minecraft:cave_spider":1,"minecraft:skeleton":1,"born_in_chaos_v1:supreme_bonescaller":1},"minecraft:mined":{"minecraft:spruce_planks":7,"minecraft:cherry_log":4,"minecraft:crafting_table":2,"biomesoplenty:bush":3,"minecraft:grass_block":4,"minecraft:poppy":1,"minecraft:tall_grass":3,"minecraft:spawner":1,"minecraft:pink_petals":1,"minecraft:hay_block":9,"minecraft:grass":23,"minecraft:oak_log":7,"minecraft:dirt_path":2,"minecraft:sunflower":2,"minecraft:dirt":3,"biomesoplenty:barley":16,"minecraft:stone":2,"minecraft:netherrack":1,"minecraft:spruce_slab":2,"minecraft:oak_leaves":2},"minecraft:used":{"minecraft:cooked_mutton":3,"minecraft:stone_pickaxe":5,"minecraft:oak_planks":2,"minecraft:wooden_pickaxe":13,"minecraft:rotten_flesh":1,"minecraft:iron_chestplate":1,"minecraft:white_wool":3,"minecraft:dirt":3,"minecraft:mutton":5,"minecraft:crafting_table":2,"minecraft:wooden_axe":13,"minecraft:chicken":2,"minecraft:golden_helmet":1,"minecraft:stone_axe":17,"minecraft:cobblestone":3,"minecraft:chainmail_boots":1,"born_in_chaos_v1:wood_splitter_axe":3,"minecraft:potato":14,"minecraft:cobweb":1},"minecraft:dropped":{"minecraft:wheat_seeds":2,"minecraft:cobblestone":1,"minecraft:dirt":11,"minecraft:gray_wool":1,"minecraft:sunflower":2,"minecraft:wooden_pickaxe":1,"minecraft:string":1,"minecraft:netherrack":1},"minecraft:killed":{"born_in_chaos_v1:zombie_lumberjack":1,"born_in_chaos_v1:restless_spirit":1,"minecraft:sheep":3,"minecraft:cow":1}},"DataVersion":3465}