{"stats":{"minecraft:crafted":{"minecraft:oak_planks":108,"travelersbackpack:diamond":1,"minecraft:cooked_mutton":4,"minecraft:glass":30,"minecraft:iron_boots":1,"minecraft:chest":3,"minecraft:smoker":2,"travelersbackpack:iron_tier_upgrade":1,"born_in_chaos_v1:smoked_fish":2,"minecraft:cooked_porkchop":6,"minecraft:crafting_table":5,"travelersbackpack:standard":1,"minecraft:wooden_pickaxe":1,"minecraft:baked_potato":62,"minecraft:iron_helmet":1,"minecraft:smithing_table":1,"biomesoplenty:fir_planks":40,"minecraft:wooden_hoe":1,"minecraft:iron_chestplate":1,"minecraft:diamond_pickaxe":1,"minecraft:shield":1,"minecraft:stick":12,"born_in_chaos_v1:smoked_flesh":20,"minecraft:iron_ingot":38,"minecraft:iron_pickaxe":1,"minecraft:cherry_planks":16,"minecraft:furnace":2,"minecraft:bone_meal":132,"travelersbackpack:blank_upgrade":4,"born_in_chaos_v1:pieceofdarkmetal":9,"travelersbackpack:white_sleeping_bag":1,"minecraft:leather":8,"minecraft:wheat":117,"minecraft:cooked_beef":7,"biomesoplenty:fir_boat":1,"travelersbackpack:backpack_tank":4,"minecraft:iron_sword":1,"minecraft:bread":22,"minecraft:air":0,"minecraft:white_bed":1,"minecraft:diamond_chestplate":1},"minecraft:picked_up":{"minecraft:wooden_axe":16,"minecraft:iron_chestplate":12,"minecraft:wheat":483,"minecraft:chainmail_boots":2,"minecraft:prismarine_shard":3,"minecraft:oak_stairs":4,"minecraft:wither_rose":1,"minecraft:golden_shovel":10,"born_in_chaos_v1:bloody_gadfly_eye":1,"minecraft:string":12,"minecraft:dead_tube_coral_block":1,"minecraft:iron_leggings":12,"minecraft:cobbled_deepslate":41,"minecraft:gold_nugget":15,"biomesoplenty:fir_planks":141,"minecraft:bucket":2,"minecraft:spruce_planks":6,"minecraft:iron_pickaxe":6,"minecraft:furnace":21,"minecraft:mangrove_log":1,"minecraft:iron_boots":2,"minecraft:tipped_arrow":7,"minecraft:golden_helmet":6,"minecraft:stick":32,"born_in_chaos_v1:shattered_skull":4,"minecraft:torch":90,"minecraft:porkchop":4,"minecraft:cherry_log":5,"minecraft:pointed_dripstone":1,"minecraft:diorite":2,"born_in_chaos_v1:nightmare_claw":2,"minecraft:rotten_flesh":84,"born_in_chaos_v1:sea_terror_eye":2,"minecraft:cod":2,"minecraft:cobblestone":107,"minecraft:birch_log":1,"minecraft:pink_petals":70,"minecraft:feather":9,"minecraft:cooked_beef":9,"minecraft:cherry_planks":3,"born_in_chaos_v1:spiritual_dust":30,"minecraft:smoker":7,"minecraft:potato":163,"biomesoplenty:fir_log":30,"minecraft:tuff":3,"minecraft:dirt":91,"born_in_chaos_v1:monster_skin":49,"minecraft:bone":125,"minecraft:wheat_seeds":133,"biomesoplenty:fir_boat":1,"minecraft:oak_planks":195,"minecraft:poisonous_potato":6,"iceandfire:shiny_scales":6,"minecraft:sand":8,"minecraft:dark_oak_log":2,"minecraft:diamond":67,"minecraft:dead_brain_coral_block":3,"minecraft:granite":1,"minecraft:bone_meal":2,"minecraft:golden_apple":1,"minecraft:crimson_roots":4,"born_in_chaos_v1:sea_terror_stomach":1,"minecraft:emerald":8,"minecraft:bread":64,"minecraft:oak_sapling":4,"born_in_chaos_v1:rotten_fish":39,"minecraft:netherrack":1,"iceandfire:raw_silver":53,"minecraft:crafting_table":8,"minecraft:chicken":2,"born_in_chaos_v1:river_mint":4,"minecraft:brown_mushroom":46,"minecraft:wooden_pickaxe":9,"minecraft:chain":4,"minecraft:shield":1,"born_in_chaos_v1:intoxicating_decoction":1,"iceandfire:tide_deepblue_chestplate":1,"minecraft:cracked_stone_bricks":5,"minecraft:beef":20,"minecraft:iron_nugget":20,"minecraft:poppy":9,"minecraft:chest":9,"minecraft:egg":1,"minecraft:raw_iron":114,"minecraft:carrot":5,"minecraft:prismarine_crystals":7,"minecraft:iron_horse_armor":8,"iceandfire:silver_ingot":6,"minecraft:arrow":165,"born_in_chaos_v1:wood_splitter_axe":11,"minecraft:hay_block":35,"born_in_chaos_v1:spiny_shell":4,"minecraft:gold_ingot":32,"minecraft:mutton":46,"minecraft:skeleton_skull":10,"minecraft:white_wool":12,"born_in_chaos_v1:fused_bone":5,"born_in_chaos_v1:corpse_maggot":27,"iceandfire:sea_serpent_fang":16,"born_in_chaos_v1:monster_flesh":1,"minecraft:glow_ink_sac":4,"minecraft:salmon":2,"minecraft:leather":40,"minecraft:oak_log":54,"iceandfire:ectoplasm":22,"minecraft:gunpowder":16,"minecraft:cooked_mutton":4,"minecraft:apple":2,"minecraft:stone_bricks":1,"born_in_chaos_v1:smoked_flesh":7,"minecraft:iron_ingot":85,"minecraft:stone_pickaxe":15,"iceandfire:sea_serpent_scales_deepblue":9,"minecraft:iron_sword":7,"minecraft:book":213,"born_in_chaos_v1:death_totem":1,"born_in_chaos_v1:orbofthe_summoner":8,"born_in_chaos_v1:ethereal_spirit":39,"minecraft:dandelion":2,"minecraft:gravel":7,"born_in_chaos_v1:dark_rod":2,"minecraft:white_bed":12,"minecraft:spider_eye":4,"minecraft:slime_ball":2,"minecraft:stone_axe":4,"minecraft:iron_helmet":9,"minecraft:scute":1,"iceandfire:sea_serpent_scales_red":10,"minecraft:gray_wool":8,"minecraft:coal":74,"minecraft:sunflower":4,"minecraft:ender_pearl":1},"minecraft:killed":{"minecraft:cave_spider":1,"born_in_chaos_v1:restless_spirit":2,"born_in_chaos_v1:zombie_lumberjack":4,"minecraft:spider":1,"minecraft:skeleton":4,"born_in_chaos_v1:supreme_bonescaller_stage_2":1,"minecraft:pig":2,"minecraft:salmon":1,"minecraft:iron_golem":1,"minecraft:creeper":1,"minecraft:sheep":9,"born_in_chaos_v1:zombie_fisherman":1,"minecraft:zombie":11,"born_in_chaos_v1:corpse_fly":9,"minecraft:stray":9,"born_in_chaos_v1:door_knight":1,"minecraft:cow":9,"iceandfire:sea_serpent":2,"born_in_chaos_v1:siamese_skeletonsleft":1,"born_in_chaos_v1:skeleton_thrasher_not_despawn":1,"born_in_chaos_v1:thornshell_crab":1,"born_in_chaos_v1:maggot":4,"iceandfire:siren":2,"born_in_chaos_v1:corpse_fish":3,"minecraft:drowned":1,"born_in_chaos_v1:decrepit_skeleton":2,"born_in_chaos_v1:bloody_gadfly":1,"iceandfire:ghost":13,"born_in_chaos_v1:dark_vortex":1},"minecraft:broken":{"minecraft:chainmail_boots":1,"minecraft:stone_pickaxe":1,"minecraft:wooden_axe":1,"born_in_chaos_v1:wood_splitter_axe":1},"minecraft:killed_by":{"minecraft:creeper":3,"born_in_chaos_v1:supreme_bonescaller":1,"minecraft:cave_spider":2,"cataclysm:deepling_brute":1,"born_in_chaos_v1:supreme_bonescaller_stage_2":1,"minecraft:vex":1,"minecraft:player":1,"minecraft:stray":5,"born_in_chaos_v1:skeleton_thrasher":1,"minecraft:iron_golem":1,"minecraft:skeleton":5,"iceandfire:ghost":2},"minecraft:custom":{"minecraft:interact_with_crafting_table":47,"minecraft:open_barrel":7,"minecraft:leave_game":12,"minecraft:time_since_death":1349,"minecraft:sprint_one_cm":551867,"minecraft:damage_blocked_by_shield":1200,"minecraft:drop":97,"minecraft:talked_to_villager":1,"minecraft:play_time":208335,"minecraft:deaths":25,"minecraft:jump":5232,"minecraft:interact_with_brewingstand":2,"minecraft:walk_on_water_one_cm":74810,"minecraft:interact_with_furnace":50,"minecraft:sleep_in_bed":6,"minecraft:damage_dealt":21761,"minecraft:player_kills":2,"minecraft:crouch_one_cm":31829,"minecraft:interact_with_smoker":32,"minecraft:interact_with_smithing_table":5,"minecraft:mob_kills":99,"minecraft:damage_dealt_resisted":443,"minecraft:climb_one_cm":633,"minecraft:walk_one_cm":513753,"minecraft:sneak_time":9273,"minecraft:walk_under_water_one_cm":48896,"minecraft:boat_one_cm":446684,"minecraft:total_world_time":208335,"minecraft:time_since_rest":1969,"minecraft:damage_taken":11150,"minecraft:damage_absorbed":40,"minecraft:trigger_trapped_chest":4,"minecraft:swim_one_cm":126879,"minecraft:fly_one_cm":1109158,"minecraft:open_chest":81,"minecraft:fall_one_cm":161875},"minecraft:used":{"minecraft:chest":1,"minecraft:shield":30,"minecraft:iron_sword":73,"travelersbackpack:diamond":5,"minecraft:rotten_flesh":10,"minecraft:iron_chestplate":4,"minecraft:mutton":16,"minecraft:tuff":3,"born_in_chaos_v1:corpse_maggot":18,"born_in_chaos_v1:smoked_flesh":11,"minecraft:iron_helmet":2,"minecraft:furnace":5,"minecraft:egg":2,"minecraft:potato":145,"minecraft:oak_planks":9,"minecraft:stone_pickaxe":41,"minecraft:wooden_pickaxe":13,"biomesoplenty:fir_boat":2,"biomesoplenty:fir_planks":11,"minecraft:golden_apple":1,"minecraft:white_wool":5,"minecraft:sand":8,"minecraft:bread":11,"minecraft:gravel":1,"minecraft:golden_helmet":2,"born_in_chaos_v1:rotten_fish":2,"minecraft:chainmail_boots":2,"minecraft:smithing_table":1,"minecraft:bone_meal":133,"minecraft:cobweb":1,"born_in_chaos_v1:ethereal_spirit":1,"minecraft:spruce_planks":3,"born_in_chaos_v1:smoked_fish":2,"minecraft:torch":19,"minecraft:dirt":9,"born_in_chaos_v1:sea_terror_eye":2,"minecraft:wooden_axe":27,"minecraft:iron_boots":2,"minecraft:beef":9,"minecraft:cooked_beef":7,"minecraft:cobbled_deepslate":23,"minecraft:iron_leggings":5,"minecraft:wheat_seeds":12,"minecraft:cooked_mutton":7,"minecraft:baked_potato":15,"minecraft:salmon":1,"minecraft:crafting_table":11,"minecraft:white_bed":10,"minecraft:smoker":4,"minecraft:oak_log":1,"minecraft:wooden_hoe":2,"minecraft:apple":2,"minecraft:chicken":2,"minecraft:iron_pickaxe":144,"minecraft:stone_axe":25,"minecraft:cobblestone":35,"minecraft:porkchop":2,"minecraft:cooked_porkchop":6,"born_in_chaos_v1:wood_splitter_axe":242,"minecraft:gray_wool":1},"minecraft:dropped":{"minecraft:iron_sword":1,"minecraft:brown_mushroom":22,"minecraft:oak_log":2,"minecraft:diamond":1,"minecraft:scute":1,"minecraft:leather":5,"minecraft:iron_horse_armor":1,"minecraft:cracked_stone_bricks":2,"born_in_chaos_v1:nightmare_claw":2,"minecraft:emerald":9,"minecraft:dirt":76,"iceandfire:sea_serpent_scales_red":10,"minecraft:crimson_roots":1,"minecraft:chain":1,"minecraft:sunflower":2,"minecraft:white_wool":11,"minecraft:gravel":3,"minecraft:stone_axe":1,"minecraft:cobbled_deepslate":1,"minecraft:wheat":2,"iceandfire:sea_serpent_scales_deepblue":9,"minecraft:pointed_dripstone":1,"minecraft:oak_planks":41,"minecraft:salmon":1,"minecraft:poppy":3,"minecraft:gunpowder":2,"minecraft:skeleton_skull":1,"born_in_chaos_v1:corpse_maggot":2,"minecraft:arrow":16,"minecraft:netherrack":1,"minecraft:dead_tube_coral_block":1,"minecraft:iron_ingot":4,"born_in_chaos_v1:intoxicating_decoction":1,"minecraft:wheat_seeds":126,"minecraft:golden_helmet":1,"minecraft:poisonous_potato":1,"minecraft:iron_helmet":1,"minecraft:cobblestone":7,"minecraft:prismarine_crystals":7,"minecraft:stick":5,"minecraft:gray_wool":1,"born_in_chaos_v1:river_mint":4,"minecraft:diorite":2,"minecraft:wooden_hoe":1,"minecraft:wooden_axe":1,"minecraft:wither_rose":1,"minecraft:string":2,"minecraft:pink_petals":50,"minecraft:dandelion":2,"minecraft:oak_sapling":4,"minecraft:stone_bricks":1,"minecraft:spider_eye":4,"minecraft:stone_pickaxe":1,"minecraft:wooden_pickaxe":1,"minecraft:dead_brain_coral_block":2},"minecraft:mined":{"minecraft:spruce_planks":7,"minecraft:white_bed":9,"iceandfire:graveyard_soil":1,"minecraft:cherry_log":4,"minecraft:granite":1,"minecraft:stripped_crimson_hyphae":1,"minecraft:grass_block":6,"minecraft:dead_tube_coral_block":1,"minecraft:spawner":2,"minecraft:tall_seagrass":1,"minecraft:iron_ore":47,"minecraft:dead_tube_coral":1,"minecraft:dirt_path":2,"minecraft:spruce_slab":7,"minecraft:smoker":3,"minecraft:poppy":1,"minecraft:cobblestone":14,"minecraft:dead_tube_coral_fan":1,"minecraft:oak_planks":6,"minecraft:wall_torch":1,"minecraft:pink_petals":1,"minecraft:seagrass":1,"minecraft:wheat":63,"biomesoplenty:fir_log":10,"minecraft:grass":35,"minecraft:oak_log":22,"minecraft:sand":9,"minecraft:dirt":7,"minecraft:netherrack":1,"minecraft:oak_leaves":3,"minecraft:deepslate":7,"iceandfire:silver_ore":6,"minecraft:deepslate_diamond_ore":13,"biomesoplenty:bush":3,"minecraft:hay_block":9,"minecraft:furnace":4,"minecraft:carrots":1,"minecraft:bookshelf":4,"minecraft:potatoes":44,"minecraft:deepslate_iron_ore":3,"minecraft:vine":2,"biomesoplenty:barley":16,"biomesoplenty:spider_egg":1,"minecraft:stone":38,"minecraft:oak_slab":1,"minecraft:crafting_table":6,"biomesoplenty:fir_planks":1,"minecraft:tall_grass":10,"minecraft:dead_brain_coral_block":1,"minecraft:coal_ore":8,"minecraft:sunflower":2,"biomesoplenty:stringy_cobweb":2,"minecraft:cracked_stone_bricks":1,"minecraft:stone_bricks":1}},"DataVersion":3465}