{"stats":{"minecraft:crafted":{"minecraft:cooked_beef":4,"minecraft:cherry_planks":16,"minecraft:oak_planks":64,"minecraft:crafting_table":1,"minecraft:wooden_pickaxe":1,"minecraft:furnace":1,"minecraft:air":0,"minecraft:iron_chestplate":1,"minecraft:white_bed":1,"minecraft:wheat":117},"minecraft:custom":{"minecraft:interact_with_furnace":8,"minecraft:mob_kills":29,"minecraft:interact_with_crafting_table":6,"minecraft:open_barrel":4,"minecraft:leave_game":9,"minecraft:time_since_death":20439,"minecraft:sleep_in_bed":2,"minecraft:time_since_rest":1209,"minecraft:sprint_one_cm":200796,"minecraft:damage_absorbed":40,"minecraft:damage_taken":2890,"minecraft:walk_one_cm":127267,"minecraft:trigger_trapped_chest":3,"minecraft:drop":25,"minecraft:damage_dealt":6000,"minecraft:swim_one_cm":20150,"minecraft:fly_one_cm":484449,"minecraft:player_kills":1,"minecraft:open_chest":13,"minecraft:crouch_one_cm":11554,"minecraft:play_time":55571,"minecraft:deaths":6,"minecraft:sneak_time":3268,"minecraft:walk_under_water_one_cm":7158,"minecraft:jump":2143,"minecraft:walk_on_water_one_cm":5293,"minecraft:total_world_time":55571,"minecraft:fall_one_cm":68812},"minecraft:picked_up":{"minecraft:wooden_axe":3,"born_in_chaos_v1:corpse_maggot":6,"minecraft:iron_chestplate":1,"minecraft:pink_petals":10,"minecraft:crafting_table":5,"minecraft:wheat":3,"minecraft:feather":5,"minecraft:chainmail_boots":2,"minecraft:chicken":2,"minecraft:cherry_planks":3,"minecraft:salmon":1,"minecraft:leather":8,"minecraft:brown_mushroom":4,"minecraft:wooden_pickaxe":3,"minecraft:oak_log":24,"iceandfire:ectoplasm":2,"minecraft:dirt":20,"born_in_chaos_v1:monster_skin":3,"minecraft:cooked_mutton":4,"minecraft:bone":2,"minecraft:stone_bricks":1,"minecraft:cracked_stone_bricks":1,"minecraft:wheat_seeds":12,"minecraft:bucket":1,"minecraft:spruce_planks":6,"minecraft:iron_ingot":4,"minecraft:beef":16,"minecraft:stone_pickaxe":2,"minecraft:poppy":2,"minecraft:chest":2,"minecraft:furnace":1,"minecraft:mangrove_log":1,"minecraft:egg":1,"minecraft:book":16,"minecraft:golden_helmet":1,"minecraft:stick":4,"minecraft:torch":37,"born_in_chaos_v1:ethereal_spirit":4,"minecraft:poisonous_potato":1,"minecraft:cherry_log":5,"minecraft:diorite":2,"minecraft:white_bed":1,"minecraft:arrow":15,"minecraft:rotten_flesh":6,"born_in_chaos_v1:wood_splitter_axe":2,"minecraft:stone_axe":2,"minecraft:hay_block":35,"minecraft:skeleton_skull":1,"minecraft:bone_meal":2,"minecraft:golden_apple":1,"minecraft:gray_wool":3,"minecraft:bread":4,"minecraft:gold_ingot":2,"minecraft:coal":7,"born_in_chaos_v1:rotten_fish":4,"minecraft:netherrack":1,"minecraft:mutton":20,"minecraft:white_wool":12,"iceandfire:raw_silver":2,"minecraft:cobblestone":31,"minecraft:sunflower":4},"minecraft:killed_by":{"minecraft:player":1,"minecraft:cave_spider":1,"minecraft:skeleton":1,"born_in_chaos_v1:supreme_bonescaller":1,"minecraft:iron_golem":1},"minecraft:mined":{"minecraft:spruce_planks":7,"minecraft:white_bed":1,"iceandfire:graveyard_soil":1,"minecraft:cherry_log":4,"minecraft:crafting_table":2,"biomesoplenty:bush":3,"minecraft:grass_block":4,"minecraft:poppy":1,"minecraft:cobblestone":12,"minecraft:tall_grass":5,"minecraft:spawner":2,"minecraft:pink_petals":1,"minecraft:hay_block":9,"minecraft:furnace":1,"minecraft:bookshelf":4,"minecraft:grass":25,"minecraft:vine":2,"minecraft:oak_log":7,"minecraft:dirt_path":2,"minecraft:cracked_stone_bricks":1,"minecraft:sunflower":2,"minecraft:stone_bricks":1,"minecraft:dirt":3,"biomesoplenty:barley":16,"minecraft:stone":2,"minecraft:netherrack":1,"minecraft:spruce_slab":2,"minecraft:oak_leaves":3},"minecraft:used":{"minecraft:cooked_mutton":4,"minecraft:stone_pickaxe":22,"minecraft:oak_planks":2,"minecraft:spruce_planks":3,"minecraft:wooden_pickaxe":13,"minecraft:salmon":1,"minecraft:rotten_flesh":4,"minecraft:iron_chestplate":2,"minecraft:white_wool":5,"minecraft:golden_apple":1,"minecraft:dirt":3,"minecraft:mutton":10,"minecraft:crafting_table":4,"minecraft:white_bed":1,"born_in_chaos_v1:corpse_maggot":1,"minecraft:wooden_axe":13,"minecraft:chicken":2,"minecraft:bread":4,"minecraft:cooked_beef":4,"minecraft:furnace":1,"minecraft:golden_helmet":1,"minecraft:stone_axe":21,"minecraft:beef":6,"minecraft:cobblestone":14,"minecraft:chainmail_boots":2,"minecraft:egg":1,"minecraft:bone_meal":1,"born_in_chaos_v1:wood_splitter_axe":61,"minecraft:potato":14,"minecraft:cobweb":1},"minecraft:dropped":{"minecraft:stone_axe":1,"minecraft:brown_mushroom":3,"minecraft:wheat_seeds":9,"minecraft:cobblestone":1,"minecraft:emerald":1,"minecraft:dirt":11,"minecraft:gray_wool":1,"minecraft:diorite":2,"minecraft:skeleton_skull":1,"minecraft:stone_bricks":1,"minecraft:sunflower":2,"minecraft:wooden_pickaxe":1,"minecraft:pink_petals":5,"minecraft:white_wool":1,"minecraft:string":1,"minecraft:netherrack":1},"minecraft:killed":{"born_in_chaos_v1:zombie_lumberjack":1,"born_in_chaos_v1:restless_spirit":1,"minecraft:salmon":1,"minecraft:iron_golem":1,"born_in_chaos_v1:decrepit_skeleton":1,"minecraft:sheep":9,"minecraft:zombie":1,"iceandfire:ghost":5,"born_in_chaos_v1:corpse_fly":2,"minecraft:cow":7},"minecraft:broken":{"minecraft:chainmail_boots":1}},"DataVersion":3465}