{"stats":{"minecraft:killed_by":{"duneons:mountaineer":2,"minecraft:player":1},"minecraft:picked_up":{"minecraft:wheat_seeds":1,"minecraft:dirt":8},"minecraft:dropped":{"minecraft:wheat_seeds":1},"minecraft:used":{"duneons:goatgear_chestplate":1,"minecraft:dirt":8,"duneons:windhole":1,"duneons:goatgear_helmet":1},"minecraft:custom":{"minecraft:time_since_rest":934,"minecraft:open_chest":4,"minecraft:crouch_one_cm":1141,"minecraft:sprint_one_cm":21106,"minecraft:play_time":10504,"minecraft:deaths":4,"minecraft:damage_taken":1008,"minecraft:walk_one_cm":10990,"minecraft:sneak_time":178,"minecraft:walk_under_water_one_cm":1422,"minecraft:drop":1,"minecraft:jump":342,"minecraft:damage_dealt":31,"minecraft:leave_game":1,"minecraft:walk_on_water_one_cm":1446,"minecraft:time_since_death":898,"minecraft:climb_one_cm":16382,"minecraft:total_world_time":10504,"minecraft:swim_one_cm":1847,"minecraft:fall_one_cm":14131,"minecraft:fly_one_cm":86063},"minecraft:mined":{"minecraft:grass":10,"minecraft:grass_block":7,"minecraft:dirt":1,"minecraft:tall_grass":1}},"DataVersion":3465}