{"stats":{"minecraft:crafted":{"minecraft:cherry_planks":16,"minecraft:oak_planks":92,"minecraft:furnace":2,"minecraft:bone_meal":30,"minecraft:wheat":117,"minecraft:cooked_beef":7,"minecraft:cooked_porkchop":2,"minecraft:crafting_table":3,"minecraft:wooden_pickaxe":1,"minecraft:bread":22,"minecraft:air":0,"biomesoplenty:fir_planks":40,"minecraft:wooden_hoe":1,"minecraft:iron_chestplate":1,"minecraft:stick":8,"minecraft:iron_pickaxe":1,"minecraft:iron_ingot":5,"minecraft:white_bed":1},"minecraft:custom":{"minecraft:mob_kills":61,"minecraft:interact_with_crafting_table":17,"minecraft:open_barrel":7,"minecraft:damage_dealt_resisted":423,"minecraft:leave_game":10,"minecraft:time_since_death":7423,"minecraft:climb_one_cm":633,"minecraft:sprint_one_cm":372902,"minecraft:walk_one_cm":316692,"minecraft:drop":63,"minecraft:play_time":104960,"minecraft:deaths":17,"minecraft:sneak_time":6058,"minecraft:walk_under_water_one_cm":7419,"minecraft:interact_with_brewingstand":2,"minecraft:jump":3412,"minecraft:walk_on_water_one_cm":6570,"minecraft:total_world_time":104960,"minecraft:interact_with_furnace":18,"minecraft:sleep_in_bed":3,"minecraft:time_since_rest":7453,"minecraft:damage_taken":7225,"minecraft:damage_absorbed":40,"minecraft:trigger_trapped_chest":4,"minecraft:damage_dealt":12020,"minecraft:swim_one_cm":23069,"minecraft:fly_one_cm":757620,"minecraft:player_kills":1,"minecraft:open_chest":36,"minecraft:crouch_one_cm":21313,"minecraft:fall_one_cm":106426},"minecraft:picked_up":{"minecraft:wooden_axe":16,"minecraft:crafting_table":5,"minecraft:iron_chestplate":11,"minecraft:wheat":471,"minecraft:chainmail_boots":2,"minecraft:chicken":2,"minecraft:brown_mushroom":46,"minecraft:wooden_pickaxe":9,"minecraft:oak_stairs":4,"minecraft:wither_rose":1,"minecraft:golden_shovel":3,"minecraft:chain":4,"minecraft:string":12,"minecraft:dead_tube_coral_block":1,"minecraft:iron_leggings":5,"born_in_chaos_v1:intoxicating_decoction":1,"minecraft:cracked_stone_bricks":5,"minecraft:gold_nugget":12,"minecraft:bucket":1,"minecraft:spruce_planks":6,"minecraft:beef":19,"minecraft:iron_nugget":6,"minecraft:poppy":9,"minecraft:iron_pickaxe":3,"minecraft:chest":9,"minecraft:furnace":11,"minecraft:mangrove_log":1,"minecraft:egg":1,"minecraft:raw_iron":21,"minecraft:golden_helmet":6,"minecraft:tipped_arrow":7,"minecraft:stick":16,"born_in_chaos_v1:shattered_skull":4,"minecraft:torch":90,"minecraft:porkchop":4,"minecraft:cherry_log":5,"minecraft:diorite":2,"minecraft:iron_horse_armor":8,"minecraft:rotten_flesh":48,"iceandfire:silver_ingot":6,"minecraft:arrow":142,"born_in_chaos_v1:wood_splitter_axe":10,"minecraft:hay_block":35,"minecraft:gold_ingot":24,"minecraft:mutton":46,"minecraft:cobblestone":60,"minecraft:skeleton_skull":10,"minecraft:white_wool":12,"born_in_chaos_v1:corpse_maggot":18,"minecraft:pink_petals":70,"minecraft:feather":9,"minecraft:cooked_beef":9,"minecraft:cherry_planks":3,"born_in_chaos_v1:spiritual_dust":12,"minecraft:salmon":1,"minecraft:leather":32,"biomesoplenty:fir_log":30,"minecraft:oak_log":44,"iceandfire:ectoplasm":21,"minecraft:dirt":21,"born_in_chaos_v1:monster_skin":30,"minecraft:cooked_mutton":4,"minecraft:bone":79,"minecraft:apple":2,"minecraft:stone_bricks":1,"minecraft:wheat_seeds":71,"born_in_chaos_v1:smoked_flesh":6,"minecraft:stone_pickaxe":13,"minecraft:iron_ingot":28,"minecraft:oak_planks":162,"minecraft:book":213,"born_in_chaos_v1:death_totem":1,"born_in_chaos_v1:orbofthe_summoner":4,"born_in_chaos_v1:ethereal_spirit":28,"minecraft:poisonous_potato":5,"minecraft:white_bed":8,"minecraft:spider_eye":4,"minecraft:diamond":8,"minecraft:stone_axe":4,"minecraft:iron_helmet":5,"minecraft:dead_brain_coral_block":3,"minecraft:bone_meal":2,"minecraft:golden_apple":1,"minecraft:gray_wool":8,"minecraft:emerald":8,"minecraft:bread":64,"minecraft:oak_sapling":4,"minecraft:crimson_roots":4,"born_in_chaos_v1:rotten_fish":27,"minecraft:netherrack":1,"minecraft:coal":40,"iceandfire:raw_silver":12,"minecraft:sunflower":4},"minecraft:killed_by":{"minecraft:player":1,"minecraft:stray":5,"born_in_chaos_v1:skeleton_thrasher":1,"born_in_chaos_v1:supreme_bonescaller":1,"minecraft:iron_golem":1,"minecraft:cave_spider":2,"minecraft:skeleton":1,"born_in_chaos_v1:supreme_bonescaller_stage_2":1,"iceandfire:ghost":2,"minecraft:vex":1},"minecraft:mined":{"minecraft:spruce_planks":7,"minecraft:white_bed":5,"iceandfire:graveyard_soil":1,"iceandfire:silver_ore":1,"minecraft:cherry_log":4,"biomesoplenty:bush":3,"minecraft:grass_block":5,"minecraft:dead_tube_coral_block":1,"minecraft:spawner":2,"minecraft:hay_block":9,"minecraft:furnace":1,"minecraft:iron_ore":21,"minecraft:dead_tube_coral":1,"minecraft:bookshelf":4,"minecraft:vine":2,"minecraft:dirt_path":2,"biomesoplenty:barley":16,"minecraft:stone":12,"minecraft:spruce_slab":2,"minecraft:crafting_table":2,"minecraft:poppy":1,"minecraft:tall_grass":8,"minecraft:cobblestone":14,"minecraft:dead_tube_coral_fan":1,"minecraft:oak_planks":3,"minecraft:wall_torch":1,"minecraft:pink_petals":1,"minecraft:wheat":12,"biomesoplenty:fir_log":10,"minecraft:grass":32,"minecraft:dead_brain_coral_block":1,"minecraft:coal_ore":6,"minecraft:oak_log":14,"minecraft:sunflower":2,"minecraft:dirt":3,"minecraft:cracked_stone_bricks":1,"minecraft:stone_bricks":1,"minecraft:netherrack":1,"minecraft:oak_leaves":3},"minecraft:used":{"minecraft:spruce_planks":3,"minecraft:rotten_flesh":10,"minecraft:iron_chestplate":4,"minecraft:torch":19,"minecraft:dirt":4,"minecraft:mutton":16,"born_in_chaos_v1:corpse_maggot":18,"minecraft:wooden_axe":27,"minecraft:beef":9,"minecraft:furnace":3,"minecraft:cooked_beef":7,"minecraft:egg":2,"minecraft:potato":14,"minecraft:wheat_seeds":12,"minecraft:cooked_mutton":4,"minecraft:stone_pickaxe":40,"minecraft:oak_planks":2,"minecraft:wooden_pickaxe":13,"biomesoplenty:fir_planks":8,"minecraft:golden_apple":1,"minecraft:white_wool":5,"minecraft:salmon":1,"minecraft:crafting_table":6,"minecraft:white_bed":5,"minecraft:oak_log":1,"minecraft:wooden_hoe":2,"minecraft:apple":2,"minecraft:chicken":2,"minecraft:bread":11,"minecraft:iron_pickaxe":48,"minecraft:golden_helmet":2,"minecraft:stone_axe":21,"born_in_chaos_v1:rotten_fish":1,"minecraft:cobblestone":14,"minecraft:cooked_porkchop":1,"minecraft:chainmail_boots":2,"minecraft:porkchop":2,"born_in_chaos_v1:wood_splitter_axe":151,"minecraft:gray_wool":1,"minecraft:bone_meal":31,"minecraft:cobweb":1},"minecraft:dropped":{"born_in_chaos_v1:intoxicating_decoction":1,"minecraft:brown_mushroom":22,"minecraft:wheat_seeds":73,"minecraft:golden_helmet":1,"minecraft:oak_log":2,"minecraft:cobblestone":7,"minecraft:iron_horse_armor":1,"minecraft:cracked_stone_bricks":2,"minecraft:emerald":9,"minecraft:dirt":11,"minecraft:gray_wool":1,"minecraft:diorite":2,"minecraft:wooden_hoe":1,"minecraft:wooden_axe":1,"minecraft:wither_rose":1,"minecraft:sunflower":2,"minecraft:string":2,"minecraft:pink_petals":50,"minecraft:white_wool":1,"minecraft:stone_axe":1,"minecraft:oak_planks":41,"minecraft:poppy":3,"minecraft:skeleton_skull":1,"minecraft:oak_sapling":4,"minecraft:spider_eye":4,"minecraft:stone_bricks":1,"minecraft:arrow":16,"minecraft:stone_pickaxe":1,"minecraft:wooden_pickaxe":1,"minecraft:dead_brain_coral_block":2,"minecraft:dead_tube_coral_block":1,"minecraft:netherrack":1},"minecraft:killed":{"born_in_chaos_v1:zombie_lumberjack":2,"born_in_chaos_v1:restless_spirit":1,"minecraft:spider":1,"born_in_chaos_v1:skeleton_thrasher_not_despawn":1,"minecraft:skeleton":1,"born_in_chaos_v1:supreme_bonescaller_stage_2":1,"minecraft:pig":2,"minecraft:salmon":1,"minecraft:iron_golem":1,"born_in_chaos_v1:decrepit_skeleton":2,"minecraft:sheep":9,"born_in_chaos_v1:zombie_fisherman":1,"minecraft:zombie":2,"iceandfire:ghost":10,"born_in_chaos_v1:corpse_fly":9,"minecraft:stray":9,"minecraft:cow":8},"minecraft:broken":{"minecraft:chainmail_boots":1,"minecraft:wooden_axe":1,"born_in_chaos_v1:wood_splitter_axe":1}},"DataVersion":3465}