{"stats":{"minecraft:killed":{"born_in_chaos_v1:door_knight":1},"minecraft:mined":{"minecraft:large_fern":7,"minecraft:dark_oak_leaves":1,"minecraft:dark_oak_log":1,"minecraft:grass":15,"minecraft:grass_block":2,"minecraft:redstone_wire":2,"minecraft:tall_grass":3,"minecraft:oak_leaves":3,"minecraft:fern":42,"minecraft:big_dripleaf":1},"minecraft:dropped":{"minecraft:wheat_seeds":2,"minecraft:jungle_log":2,"minecraft:oak_sapling":1,"minecraft:feather":2,"minecraft:spruce_log":1},"minecraft:custom":{"minecraft:time_since_rest":261,"minecraft:sprint_one_cm":97750,"minecraft:damage_taken":3471,"minecraft:walk_one_cm":54501,"minecraft:mob_kills":2,"minecraft:drop":7,"minecraft:damage_dealt":714,"minecraft:swim_one_cm":30079,"minecraft:player_kills":1,"minecraft:fly_one_cm":219396,"minecraft:open_chest":1,"minecraft:crouch_one_cm":3223,"minecraft:play_time":35414,"minecraft:deaths":13,"minecraft:sneak_time":1066,"minecraft:walk_under_water_one_cm":5928,"minecraft:damage_dealt_resisted":281,"minecraft:jump":1208,"minecraft:leave_game":2,"minecraft:walk_on_water_one_cm":3140,"minecraft:time_since_death":232,"minecraft:climb_one_cm":4307,"minecraft:total_world_time":35414,"minecraft:fall_one_cm":50985},"minecraft:killed_by":{"minecraft:player":1,"born_in_chaos_v1:door_knight":3,"minecraft:spider":2,"born_in_chaos_v1:thornshell_crab":1,"minecraft:zombie":2,"born_in_chaos_v1:corpse_fish":1,"born_in_chaos_v1:zombie_lumberjack":1,"mowziesmobs:naga":2},"minecraft:picked_up":{"minecraft:feather":2,"minecraft:chicken":2,"minecraft:jungle_log":2,"minecraft:big_dripleaf":3,"minecraft:spruce_log":1,"minecraft:redstone":2,"minecraft:dark_oak_log":1,"minecraft:dirt":47,"biomesoplenty:mahogany_log":3,"minecraft:bone":2,"minecraft:rotten_flesh":7,"minecraft:wheat_seeds":14,"minecraft:bucket":1,"minecraft:iron_ingot":3,"minecraft:oak_sapling":1,"minecraft:cobblestone":3,"minecraft:egg":1},"minecraft:used":{"minecraft:big_dripleaf":3,"minecraft:dark_oak_log":1,"minecraft:chicken":2,"minecraft:rotten_flesh":1,"biomesoplenty:mahogany_log":1,"minecraft:dirt":15,"minecraft:cobblestone":1,"minecraft:egg":1}},"DataVersion":3465}