{"stats":{"minecraft:mined":{"minecraft:large_fern":4,"minecraft:grass":14,"minecraft:grass_block":2,"minecraft:redstone_wire":2,"minecraft:dark_oak_leaves":1,"minecraft:tall_grass":3,"minecraft:dark_oak_log":1,"minecraft:oak_leaves":2,"minecraft:fern":31,"minecraft:big_dripleaf":1},"minecraft:dropped":{"minecraft:feather":2,"minecraft:wheat_seeds":1},"minecraft:custom":{"minecraft:time_since_rest":9633,"minecraft:damage_taken":845,"minecraft:crouch_one_cm":1970,"minecraft:play_time":23414,"minecraft:sprint_one_cm":61938,"minecraft:walk_one_cm":25445,"minecraft:deaths":3,"minecraft:sneak_time":534,"minecraft:walk_under_water_one_cm":1957,"minecraft:drop":3,"minecraft:jump":766,"minecraft:damage_dealt":188,"minecraft:leave_game":2,"minecraft:time_since_death":9603,"minecraft:walk_on_water_one_cm":1529,"minecraft:total_world_time":23414,"minecraft:climb_one_cm":1073,"minecraft:swim_one_cm":10078,"minecraft:fly_one_cm":142763,"minecraft:fall_one_cm":26458,"minecraft:open_chest":1},"minecraft:killed_by":{"born_in_chaos_v1:thornshell_crab":1,"minecraft:zombie":2},"minecraft:used":{"minecraft:dirt":2,"minecraft:dark_oak_log":1,"minecraft:chicken":2,"minecraft:egg":1,"minecraft:big_dripleaf":3},"minecraft:picked_up":{"minecraft:feather":2,"minecraft:chicken":2,"minecraft:big_dripleaf":3,"minecraft:wheat_seeds":4,"minecraft:redstone":2,"minecraft:dark_oak_log":1,"minecraft:dirt":2,"minecraft:egg":1}},"DataVersion":3465}