{"stats":{"minecraft:crafted":{"minecraft:cooked_beef":4,"minecraft:oak_planks":44,"minecraft:cooked_porkchop":3,"minecraft:crafting_table":3,"minecraft:wooden_pickaxe":2,"minecraft:furnace":3,"minecraft:cooked_salmon":5,"minecraft:stone_axe":2,"minecraft:cooked_mutton":6,"minecraft:air":0,"minecraft:iron_chestplate":1,"minecraft:iron_axe":1,"minecraft:stick":28,"minecraft:iron_ingot":15,"minecraft:iron_pickaxe":1,"minecraft:stone_pickaxe":2,"minecraft:wooden_axe":2,"minecraft:chest":1,"minecraft:torch":32},"minecraft:custom":{"minecraft:interact_with_furnace":32,"minecraft:mob_kills":25,"minecraft:interact_with_crafting_table":16,"minecraft:open_barrel":7,"minecraft:leave_game":2,"minecraft:time_since_death":35038,"minecraft:time_since_rest":35066,"minecraft:sprint_one_cm":189844,"minecraft:damage_taken":1522,"minecraft:walk_one_cm":138625,"minecraft:drop":25,"minecraft:damage_dealt":2582,"minecraft:swim_one_cm":17124,"minecraft:fly_one_cm":237235,"minecraft:open_chest":15,"minecraft:crouch_one_cm":2070,"minecraft:play_time":63131,"minecraft:deaths":4,"minecraft:sneak_time":888,"minecraft:walk_under_water_one_cm":8216,"minecraft:jump":1285,"minecraft:walk_on_water_one_cm":9077,"minecraft:total_world_time":63131,"minecraft:fall_one_cm":31901},"minecraft:picked_up":{"minecraft:birch_log":5,"born_in_chaos_v1:corpse_maggot":7,"minecraft:crafting_table":7,"minecraft:lilac":2,"minecraft:chainmail_boots":1,"minecraft:clay_ball":15,"minecraft:salmon":6,"minecraft:leather":5,"minecraft:wooden_pickaxe":1,"minecraft:oak_log":28,"minecraft:fire_coral":1,"minecraft:dirt":58,"minecraft:cooked_mutton":4,"minecraft:kelp":3,"minecraft:stonecutter":1,"minecraft:wheat_seeds":16,"minecraft:smooth_stone":1,"minecraft:bucket":1,"minecraft:beef":10,"minecraft:stone_pickaxe":1,"minecraft:birch_sapling":1,"minecraft:chest":1,"minecraft:oak_planks":20,"minecraft:egg":1,"minecraft:furnace":5,"minecraft:raw_iron":15,"minecraft:torch":15,"minecraft:gravel":1,"minecraft:porkchop":3,"minecraft:cherry_log":6,"minecraft:diorite":8,"minecraft:rotten_flesh":6,"minecraft:stone_axe":1,"minecraft:hay_block":13,"minecraft:bone_meal":1,"minecraft:gray_wool":1,"minecraft:white_terracotta":2,"minecraft:oak_sapling":3,"born_in_chaos_v1:rotten_fish":2,"minecraft:black_wool":1,"minecraft:mutton":9,"minecraft:coal":91,"minecraft:white_wool":9,"iceandfire:raw_silver":1,"minecraft:cobblestone":149,"minecraft:sunflower":1},"minecraft:killed_by":{"minecraft:player":2,"minecraft:zombie":1,"iceandfire:ghost":1},"minecraft:mined":{"iceandfire:silver_ore":1,"minecraft:cherry_log":7,"minecraft:clay":3,"minecraft:crafting_table":6,"minecraft:torch":2,"biomesoplenty:bush":5,"minecraft:grass_block":12,"biomesoplenty:high_grass_plant":54,"minecraft:tall_grass":20,"minecraft:cobblestone":14,"minecraft:oak_planks":11,"minecraft:diorite":8,"minecraft:wall_torch":4,"minecraft:spawner":2,"minecraft:white_terracotta":2,"minecraft:hay_block":13,"minecraft:smooth_stone":1,"minecraft:furnace":4,"minecraft:birch_log":5,"minecraft:iron_ore":15,"minecraft:lilac":2,"minecraft:grass":102,"minecraft:oak_log":28,"minecraft:coal_ore":41,"biomesoplenty:high_grass":14,"minecraft:dirt_path":2,"minecraft:dirt":34,"biomesoplenty:barley":44,"minecraft:stonecutter":1,"minecraft:stone":120,"minecraft:oak_leaves":6},"minecraft:used":{"minecraft:cooked_mutton":6,"minecraft:diorite":6,"minecraft:stone_pickaxe":197,"minecraft:chest":1,"minecraft:wooden_pickaxe":54,"minecraft:cooked_salmon":1,"minecraft:torch":21,"minecraft:dirt":33,"minecraft:crafting_table":8,"minecraft:oak_log":1,"minecraft:iron_axe":49,"minecraft:bread":1,"minecraft:iron_pickaxe":168,"minecraft:stone_axe":54,"minecraft:cobblestone":63,"minecraft:furnace":6,"minecraft:cooked_porkchop":3,"minecraft:smooth_stone":1},"minecraft:dropped":{"minecraft:cobblestone":23,"minecraft:rotten_flesh":1,"born_in_chaos_v1:corpse_maggot":3},"minecraft:killed":{"born_in_chaos_v1:barrel_zombie":1,"minecraft:pig":1,"minecraft:salmon":6,"born_in_chaos_v1:maggot":2,"minecraft:sheep":4,"minecraft:zombie":1,"born_in_chaos_v1:corpse_fly":1,"born_in_chaos_v1:corpse_fish":3,"born_in_chaos_v1:door_knight":1,"minecraft:cow":5}},"DataVersion":3465}