{"stats":{"minecraft:mined":{"minecraft:tall_grass":1,"minecraft:grass":7,"minecraft:oak_log":2},"minecraft:picked_up":{"minecraft:oak_log":2},"minecraft:custom":{"minecraft:jump":9,"minecraft:time_since_rest":564,"minecraft:crouch_one_cm":33,"minecraft:sprint_one_cm":1999,"minecraft:play_time":564,"minecraft:walk_on_water_one_cm":124,"minecraft:time_since_death":564,"minecraft:walk_one_cm":826,"minecraft:sneak_time":4,"minecraft:total_world_time":564,"minecraft:fall_one_cm":418,"minecraft:fly_one_cm":4029}},"DataVersion":3465}