{"stats":{"minecraft:dropped":{"born_in_chaos_v1:corpse_maggot":3},"minecraft:crafted":{"minecraft:oak_planks":24,"minecraft:crafting_table":1,"minecraft:stick":12,"minecraft:wooden_pickaxe":1,"minecraft:stone_pickaxe":1,"minecraft:wooden_axe":1,"minecraft:chest":1,"minecraft:furnace":1,"minecraft:torch":16,"minecraft:stone_axe":1,"minecraft:air":0,"minecraft:cooked_mutton":6},"minecraft:killed":{"minecraft:sheep":3,"born_in_chaos_v1:corpse_fly":1,"minecraft:salmon":1,"born_in_chaos_v1:corpse_fish":3,"born_in_chaos_v1:door_knight":1,"born_in_chaos_v1:maggot":2},"minecraft:used":{"minecraft:oak_log":1,"minecraft:cooked_mutton":4,"minecraft:diorite":6,"minecraft:stone_pickaxe":64,"minecraft:chest":1,"minecraft:wooden_pickaxe":17,"minecraft:torch":6,"minecraft:stone_axe":38,"minecraft:dirt":12,"minecraft:cobblestone":4,"minecraft:crafting_table":2,"minecraft:furnace":1},"minecraft:mined":{"iceandfire:silver_ore":1,"minecraft:cherry_log":7,"minecraft:crafting_table":1,"biomesoplenty:bush":5,"minecraft:grass":23,"minecraft:oak_log":14,"minecraft:grass_block":4,"minecraft:coal_ore":14,"minecraft:dirt":16,"biomesoplenty:barley":44,"minecraft:tall_grass":1,"minecraft:stone":38,"minecraft:diorite":8,"minecraft:oak_leaves":1},"minecraft:picked_up":{"born_in_chaos_v1:corpse_maggot":7,"minecraft:crafting_table":2,"minecraft:salmon":1,"minecraft:torch":9,"minecraft:wooden_pickaxe":1,"minecraft:gravel":1,"minecraft:oak_log":14,"minecraft:cherry_log":6,"minecraft:diorite":8,"minecraft:dirt":30,"minecraft:cooked_mutton":4,"minecraft:rotten_flesh":3,"minecraft:stone_axe":1,"minecraft:wheat_seeds":7,"minecraft:bucket":1,"minecraft:stone_pickaxe":1,"minecraft:bone_meal":1,"iceandfire:raw_silver":1,"minecraft:sunflower":1,"born_in_chaos_v1:rotten_fish":2,"minecraft:chest":1,"minecraft:oak_planks":9,"minecraft:oak_sapling":1,"minecraft:black_wool":1,"minecraft:mutton":6,"minecraft:coal":47,"minecraft:white_wool":9,"minecraft:cobblestone":41,"minecraft:furnace":1},"minecraft:custom":{"minecraft:time_since_rest":16827,"minecraft:interact_with_furnace":10,"minecraft:sprint_one_cm":40898,"minecraft:damage_taken":250,"minecraft:walk_one_cm":30794,"minecraft:mob_kills":11,"minecraft:drop":1,"minecraft:damage_dealt":1082,"minecraft:swim_one_cm":6537,"minecraft:interact_with_crafting_table":5,"minecraft:fly_one_cm":47156,"minecraft:open_chest":3,"minecraft:crouch_one_cm":980,"minecraft:play_time":16827,"minecraft:sneak_time":340,"minecraft:walk_under_water_one_cm":3520,"minecraft:jump":328,"minecraft:leave_game":1,"minecraft:walk_on_water_one_cm":1746,"minecraft:time_since_death":16827,"minecraft:total_world_time":16827,"minecraft:fall_one_cm":9063}},"DataVersion":3465}