{"stats":{"minecraft:picked_up":{"minecraft:birch_log":5,"born_in_chaos_v1:corpse_maggot":7,"minecraft:crafting_table":7,"minecraft:lilac":2,"minecraft:chainmail_boots":1,"minecraft:clay_ball":15,"minecraft:andesite":3,"minecraft:salmon":6,"minecraft:leather":7,"minecraft:wooden_pickaxe":1,"minecraft:oak_stairs":48,"minecraft:gold_block":2,"minecraft:oak_log":36,"minecraft:fire_coral":1,"minecraft:dirt":396,"minecraft:cooked_mutton":9,"minecraft:bone":2,"minecraft:kelp":3,"minecraft:stonecutter":1,"minecraft:wheat_seeds":29,"minecraft:smooth_stone":1,"minecraft:bucket":1,"minecraft:iron_ingot":1,"minecraft:beef":13,"minecraft:stone_pickaxe":1,"minecraft:chest":1,"minecraft:birch_sapling":1,"minecraft:oak_planks":28,"minecraft:furnace":6,"minecraft:egg":1,"minecraft:raw_iron":15,"minecraft:torch":23,"minecraft:gravel":1,"minecraft:porkchop":3,"minecraft:cherry_log":6,"minecraft:diorite":8,"minecraft:arrow":24,"minecraft:rotten_flesh":8,"minecraft:stone_axe":1,"minecraft:hay_block":13,"minecraft:bone_meal":1,"minecraft:gray_wool":1,"minecraft:white_terracotta":2,"minecraft:oak_sapling":3,"born_in_chaos_v1:rotten_fish":2,"minecraft:black_wool":1,"minecraft:mutton":14,"minecraft:coal":107,"iceandfire:raw_silver":1,"minecraft:white_wool":10,"minecraft:cobblestone":294,"minecraft:sunflower":1},"minecraft:crafted":{"minecraft:cooked_beef":4,"minecraft:oak_planks":112,"minecraft:cooked_porkchop":3,"minecraft:crafting_table":3,"minecraft:wooden_pickaxe":2,"minecraft:furnace":3,"minecraft:cooked_salmon":5,"minecraft:birch_planks":20,"minecraft:stone_axe":2,"minecraft:cooked_mutton":6,"minecraft:air":0,"minecraft:iron_chestplate":1,"minecraft:iron_axe":1,"minecraft:stick":36,"minecraft:iron_ingot":15,"minecraft:iron_pickaxe":1,"minecraft:stone_pickaxe":2,"minecraft:wooden_axe":2,"minecraft:chest":5,"minecraft:iron_shovel":2,"minecraft:torch":32,"minecraft:stone_hoe":1},"minecraft:killed":{"born_in_chaos_v1:barrel_zombie":1,"minecraft:cave_spider":1,"minecraft:pig":1,"born_in_chaos_v1:bone_imp_minion":1,"born_in_chaos_v1:baby_skeleton":1,"minecraft:salmon":6,"born_in_chaos_v1:decrepit_skeleton":1,"born_in_chaos_v1:maggot":2,"minecraft:sheep":7,"minecraft:zombie":2,"iceandfire:ghost":1,"born_in_chaos_v1:corpse_fly":1,"born_in_chaos_v1:dark_vortex":1,"born_in_chaos_v1:corpse_fish":4,"born_in_chaos_v1:door_knight":1,"minecraft:cow":7},"minecraft:broken":{"minecraft:iron_shovel":1},"minecraft:killed_by":{"minecraft:player":2,"minecraft:zombie":1,"iceandfire:ghost":1},"minecraft:custom":{"minecraft:interact_with_furnace":38,"minecraft:mob_kills":38,"minecraft:interact_with_crafting_table":23,"minecraft:open_barrel":7,"minecraft:leave_game":4,"minecraft:time_since_death":69518,"minecraft:sleep_in_bed":1,"minecraft:climb_one_cm":267,"minecraft:time_since_rest":31188,"minecraft:sprint_one_cm":290699,"minecraft:damage_taken":2232,"minecraft:walk_one_cm":244877,"minecraft:trigger_trapped_chest":1,"minecraft:drop":26,"minecraft:damage_dealt":4375,"minecraft:swim_one_cm":22706,"minecraft:fly_one_cm":301310,"minecraft:open_chest":19,"minecraft:play_time":97611,"minecraft:crouch_one_cm":15434,"minecraft:sneak_time":4626,"minecraft:deaths":4,"minecraft:walk_under_water_one_cm":8904,"minecraft:jump":1729,"minecraft:walk_on_water_one_cm":11938,"minecraft:total_world_time":97611,"minecraft:fall_one_cm":44464},"minecraft:dropped":{"minecraft:cobblestone":23,"minecraft:rotten_flesh":1,"born_in_chaos_v1:corpse_maggot":3,"minecraft:oak_sapling":2},"minecraft:used":{"minecraft:cooked_mutton":8,"minecraft:diorite":6,"minecraft:iron_shovel":346,"minecraft:stone_pickaxe":197,"minecraft:oak_planks":52,"minecraft:wooden_pickaxe":54,"minecraft:chest":5,"minecraft:stone_hoe":30,"minecraft:cooked_salmon":5,"minecraft:torch":29,"minecraft:dirt":72,"minecraft:crafting_table":9,"minecraft:oak_log":1,"minecraft:bread":1,"minecraft:iron_pickaxe":341,"minecraft:iron_axe":221,"minecraft:stone_axe":54,"minecraft:cobblestone":194,"minecraft:furnace":8,"minecraft:cooked_porkchop":3,"minecraft:cooked_beef":4,"minecraft:smooth_stone":1},"minecraft:mined":{"minecraft:glass_pane":2,"iceandfire:silver_ore":1,"minecraft:mossy_cobblestone":1,"minecraft:cherry_log":7,"minecraft:clay":3,"minecraft:crafting_table":6,"minecraft:torch":3,"biomesoplenty:bush":5,"minecraft:grass_block":120,"biomesoplenty:high_grass_plant":54,"minecraft:tall_grass":24,"minecraft:cobblestone":44,"minecraft:oak_planks":22,"minecraft:wall_torch":4,"minecraft:diorite":8,"minecraft:spawner":4,"minecraft:white_terracotta":2,"minecraft:hay_block":13,"minecraft:smooth_stone":1,"minecraft:chain":2,"minecraft:furnace":5,"minecraft:birch_log":5,"minecraft:iron_ore":18,"minecraft:lilac":2,"minecraft:birch_leaves":1,"minecraft:andesite":3,"minecraft:gold_block":2,"minecraft:grass":173,"minecraft:coal_ore":41,"minecraft:oak_log":36,"biomesoplenty:high_grass":14,"minecraft:dirt_path":5,"minecraft:vine":2,"minecraft:oak_stairs":53,"minecraft:dirt":279,"biomesoplenty:barley":44,"minecraft:stonecutter":1,"minecraft:stone":238,"minecraft:oak_leaves":9}},"DataVersion":3465}