{"stats":{"minecraft:crafted":{"minecraft:oak_planks":24,"minecraft:crafting_table":1,"minecraft:wooden_pickaxe":1,"minecraft:furnace":1,"minecraft:stone_axe":1,"minecraft:cooked_mutton":6,"minecraft:air":0,"minecraft:stick":12,"minecraft:stone_pickaxe":1,"minecraft:wooden_axe":1,"minecraft:chest":1,"minecraft:torch":16},"minecraft:custom":{"minecraft:interact_with_furnace":10,"minecraft:mob_kills":13,"minecraft:interact_with_crafting_table":5,"minecraft:leave_game":2,"minecraft:time_since_death":430,"minecraft:time_since_rest":908,"minecraft:sprint_one_cm":101893,"minecraft:damage_taken":1061,"minecraft:walk_one_cm":58035,"minecraft:drop":2,"minecraft:damage_dealt":1421,"minecraft:swim_one_cm":7707,"minecraft:fly_one_cm":141254,"minecraft:open_chest":4,"minecraft:crouch_one_cm":1003,"minecraft:play_time":27131,"minecraft:deaths":3,"minecraft:sneak_time":343,"minecraft:walk_under_water_one_cm":3566,"minecraft:jump":755,"minecraft:walk_on_water_one_cm":2464,"minecraft:total_world_time":27131,"minecraft:fall_one_cm":20553},"minecraft:picked_up":{"born_in_chaos_v1:corpse_maggot":7,"minecraft:crafting_table":2,"minecraft:chainmail_boots":1,"minecraft:salmon":1,"minecraft:wooden_pickaxe":1,"minecraft:oak_log":14,"minecraft:dirt":31,"minecraft:cooked_mutton":4,"minecraft:wheat_seeds":7,"minecraft:bucket":1,"minecraft:stone_pickaxe":1,"minecraft:chest":1,"minecraft:oak_planks":9,"minecraft:furnace":1,"minecraft:torch":9,"minecraft:gravel":1,"minecraft:cherry_log":6,"minecraft:diorite":8,"minecraft:rotten_flesh":5,"minecraft:stone_axe":1,"minecraft:hay_block":13,"minecraft:bone_meal":1,"minecraft:gray_wool":1,"minecraft:oak_sapling":1,"born_in_chaos_v1:rotten_fish":2,"minecraft:black_wool":1,"minecraft:mutton":9,"minecraft:coal":47,"minecraft:white_wool":9,"iceandfire:raw_silver":1,"minecraft:cobblestone":43,"minecraft:sunflower":1},"minecraft:killed_by":{"minecraft:player":1,"minecraft:zombie":1,"iceandfire:ghost":1},"minecraft:mined":{"iceandfire:silver_ore":1,"minecraft:cherry_log":7,"minecraft:crafting_table":1,"biomesoplenty:bush":5,"minecraft:grass_block":5,"minecraft:tall_grass":3,"minecraft:cobblestone":3,"minecraft:diorite":8,"minecraft:hay_block":13,"minecraft:grass":24,"minecraft:oak_log":14,"minecraft:coal_ore":14,"minecraft:dirt":16,"biomesoplenty:barley":44,"minecraft:stone":38,"minecraft:oak_leaves":1},"minecraft:used":{"minecraft:cooked_mutton":6,"minecraft:diorite":6,"minecraft:stone_pickaxe":82,"minecraft:chest":1,"minecraft:wooden_pickaxe":17,"minecraft:torch":7,"minecraft:dirt":12,"minecraft:crafting_table":2,"minecraft:oak_log":1,"minecraft:stone_axe":46,"minecraft:cobblestone":13,"minecraft:furnace":1},"minecraft:dropped":{"minecraft:rotten_flesh":1,"born_in_chaos_v1:corpse_maggot":3},"minecraft:killed":{"minecraft:salmon":1,"born_in_chaos_v1:maggot":2,"minecraft:sheep":4,"minecraft:zombie":1,"born_in_chaos_v1:corpse_fly":1,"born_in_chaos_v1:corpse_fish":3,"born_in_chaos_v1:door_knight":1}},"DataVersion":3465}