{"stats":{"minecraft:crafted":{"minecraft:oak_planks":44,"minecraft:crafting_table":3,"minecraft:wooden_pickaxe":2,"minecraft:furnace":3,"minecraft:cooked_salmon":1,"minecraft:stone_axe":2,"minecraft:cooked_mutton":6,"minecraft:air":0,"minecraft:iron_axe":1,"minecraft:stick":28,"minecraft:iron_ingot":15,"minecraft:iron_pickaxe":1,"minecraft:stone_pickaxe":2,"minecraft:wooden_axe":2,"minecraft:chest":1,"minecraft:torch":32},"minecraft:custom":{"minecraft:interact_with_furnace":26,"minecraft:mob_kills":14,"minecraft:interact_with_crafting_table":15,"minecraft:leave_game":2,"minecraft:time_since_death":23038,"minecraft:time_since_rest":23066,"minecraft:sprint_one_cm":132591,"minecraft:damage_taken":1429,"minecraft:walk_one_cm":104105,"minecraft:drop":25,"minecraft:damage_dealt":1832,"minecraft:swim_one_cm":7707,"minecraft:fly_one_cm":199627,"minecraft:open_chest":7,"minecraft:crouch_one_cm":1955,"minecraft:play_time":51131,"minecraft:deaths":4,"minecraft:sneak_time":572,"minecraft:walk_under_water_one_cm":3915,"minecraft:jump":1060,"minecraft:walk_on_water_one_cm":3431,"minecraft:total_world_time":51131,"minecraft:fall_one_cm":27402},"minecraft:picked_up":{"born_in_chaos_v1:corpse_maggot":7,"minecraft:crafting_table":6,"minecraft:chainmail_boots":1,"minecraft:clay_ball":3,"minecraft:salmon":2,"minecraft:wooden_pickaxe":1,"minecraft:oak_log":19,"minecraft:fire_coral":1,"minecraft:dirt":51,"minecraft:cooked_mutton":4,"minecraft:kelp":3,"minecraft:wheat_seeds":9,"minecraft:smooth_stone":1,"minecraft:bucket":1,"minecraft:stone_pickaxe":1,"minecraft:chest":1,"minecraft:oak_planks":20,"minecraft:furnace":3,"minecraft:raw_iron":15,"minecraft:torch":13,"minecraft:gravel":1,"minecraft:cherry_log":6,"minecraft:diorite":8,"minecraft:rotten_flesh":6,"minecraft:stone_axe":1,"minecraft:hay_block":13,"minecraft:bone_meal":1,"minecraft:gray_wool":1,"minecraft:oak_sapling":1,"born_in_chaos_v1:rotten_fish":2,"minecraft:black_wool":1,"minecraft:mutton":9,"minecraft:coal":91,"minecraft:white_wool":9,"iceandfire:raw_silver":1,"minecraft:cobblestone":149,"minecraft:sunflower":1},"minecraft:killed_by":{"minecraft:player":2,"minecraft:zombie":1,"iceandfire:ghost":1},"minecraft:mined":{"iceandfire:silver_ore":1,"minecraft:cherry_log":7,"minecraft:crafting_table":5,"minecraft:torch":2,"biomesoplenty:bush":5,"minecraft:grass_block":11,"minecraft:tall_grass":8,"minecraft:cobblestone":14,"minecraft:oak_planks":11,"minecraft:diorite":8,"minecraft:wall_torch":3,"minecraft:hay_block":13,"minecraft:smooth_stone":1,"minecraft:furnace":2,"minecraft:iron_ore":15,"minecraft:grass":38,"minecraft:oak_log":19,"minecraft:coal_ore":41,"minecraft:dirt":30,"biomesoplenty:barley":44,"minecraft:stone":120,"minecraft:oak_leaves":2},"minecraft:used":{"minecraft:cooked_mutton":6,"minecraft:diorite":6,"minecraft:stone_pickaxe":197,"minecraft:chest":1,"minecraft:wooden_pickaxe":54,"minecraft:cooked_salmon":1,"minecraft:torch":15,"minecraft:dirt":16,"minecraft:crafting_table":7,"minecraft:oak_log":1,"minecraft:iron_axe":12,"minecraft:bread":1,"minecraft:iron_pickaxe":8,"minecraft:stone_axe":54,"minecraft:cobblestone":63,"minecraft:furnace":4,"minecraft:smooth_stone":1},"minecraft:dropped":{"minecraft:cobblestone":23,"minecraft:rotten_flesh":1,"born_in_chaos_v1:corpse_maggot":3},"minecraft:killed":{"born_in_chaos_v1:barrel_zombie":1,"minecraft:salmon":1,"born_in_chaos_v1:maggot":2,"minecraft:sheep":4,"minecraft:zombie":1,"born_in_chaos_v1:corpse_fly":1,"born_in_chaos_v1:corpse_fish":3,"born_in_chaos_v1:door_knight":1}},"DataVersion":3465}