{"stats":{"minecraft:crafted":{"minecraft:oak_planks":112,"minecraft:furnace":3,"minecraft:cooked_mutton":6,"minecraft:iron_axe":1,"minecraft:stone_pickaxe":2,"minecraft:chest":5,"minecraft:stone_hoe":1,"minecraft:cooked_beef":4,"minecraft:cooked_porkchop":3,"minecraft:crafting_table":3,"minecraft:wooden_pickaxe":2,"minecraft:cooked_salmon":5,"minecraft:bucket":1,"minecraft:birch_planks":20,"minecraft:stone_axe":2,"minecraft:air":0,"minecraft:iron_chestplate":1,"minecraft:stick":36,"minecraft:iron_ingot":15,"minecraft:iron_pickaxe":1,"minecraft:wooden_axe":2,"minecraft:iron_shovel":3,"minecraft:torch":32,"minecraft:birch_stairs":4},"minecraft:picked_up":{"minecraft:crafting_table":7,"minecraft:chainmail_boots":1,"born_in_chaos_v1:river_mint":4,"minecraft:clay_ball":15,"minecraft:wooden_pickaxe":1,"minecraft:oak_stairs":55,"minecraft:gold_block":2,"minecraft:fire_coral":1,"minecraft:smooth_stone":1,"minecraft:bucket":1,"minecraft:beef":13,"minecraft:chest":1,"minecraft:birch_sapling":1,"minecraft:egg":2,"minecraft:furnace":6,"minecraft:raw_iron":15,"minecraft:torch":24,"minecraft:porkchop":3,"minecraft:cherry_log":6,"minecraft:diorite":8,"born_in_chaos_v1:nightmare_claw":1,"minecraft:rotten_flesh":12,"minecraft:arrow":24,"minecraft:tropical_fish":1,"minecraft:hay_block":13,"minecraft:white_terracotta":2,"minecraft:mutton":14,"minecraft:white_wool":10,"minecraft:cobblestone":318,"minecraft:birch_log":5,"born_in_chaos_v1:corpse_maggot":7,"minecraft:lilac":2,"minecraft:salmon":7,"minecraft:andesite":8,"minecraft:leather":7,"minecraft:potato":13,"minecraft:oak_log":36,"minecraft:dirt":746,"minecraft:cooked_mutton":9,"minecraft:bone":2,"minecraft:kelp":3,"minecraft:stonecutter":1,"minecraft:wheat_seeds":74,"minecraft:stone_pickaxe":1,"minecraft:iron_ingot":7,"minecraft:oak_planks":28,"minecraft:dandelion":2,"minecraft:gravel":1,"minecraft:stone_axe":1,"minecraft:scute":1,"minecraft:bone_meal":1,"minecraft:gray_wool":1,"born_in_chaos_v1:rotten_fish":2,"minecraft:oak_sapling":3,"minecraft:black_wool":1,"minecraft:coal":107,"iceandfire:raw_silver":2,"minecraft:sunflower":1},"minecraft:killed":{"minecraft:cave_spider":1,"born_in_chaos_v1:maggot":2,"born_in_chaos_v1:corpse_fish":4,"born_in_chaos_v1:barrel_zombie":2,"minecraft:pig":1,"born_in_chaos_v1:bone_imp_minion":1,"born_in_chaos_v1:baby_skeleton":1,"minecraft:salmon":6,"born_in_chaos_v1:decrepit_skeleton":1,"minecraft:sheep":7,"minecraft:zombie":3,"iceandfire:ghost":1,"born_in_chaos_v1:corpse_fly":1,"born_in_chaos_v1:dark_vortex":1,"born_in_chaos_v1:door_knight":1,"minecraft:cow":7},"minecraft:broken":{"minecraft:iron_shovel":2},"minecraft:killed_by":{"minecraft:player":3,"minecraft:zombie":1,"iceandfire:ghost":1},"minecraft:custom":{"minecraft:mob_kills":40,"minecraft:interact_with_crafting_table":27,"minecraft:open_barrel":7,"minecraft:leave_game":5,"minecraft:time_since_death":513,"minecraft:climb_one_cm":267,"minecraft:sprint_one_cm":401506,"minecraft:walk_one_cm":373284,"minecraft:drop":28,"minecraft:play_time":126797,"minecraft:deaths":5,"minecraft:sneak_time":5479,"minecraft:walk_under_water_one_cm":9380,"minecraft:jump":1973,"minecraft:walk_on_water_one_cm":14062,"minecraft:total_world_time":126797,"minecraft:interact_with_furnace":38,"minecraft:sleep_in_bed":1,"minecraft:time_since_rest":547,"minecraft:damage_taken":2588,"minecraft:trigger_trapped_chest":1,"minecraft:damage_dealt":4956,"minecraft:swim_one_cm":33792,"minecraft:fly_one_cm":340641,"minecraft:open_chest":25,"minecraft:crouch_one_cm":18538,"minecraft:fall_one_cm":47409},"minecraft:dropped":{"minecraft:cobblestone":23,"minecraft:leather":7,"minecraft:gold_block":2,"minecraft:rotten_flesh":1,"born_in_chaos_v1:corpse_maggot":3,"minecraft:oak_sapling":2},"minecraft:used":{"minecraft:iron_shovel":683,"minecraft:chest":5,"minecraft:cooked_salmon":5,"minecraft:stone_hoe":110,"minecraft:torch":30,"minecraft:dirt":232,"minecraft:iron_axe":235,"minecraft:oak_stairs":55,"minecraft:furnace":8,"minecraft:egg":1,"minecraft:cooked_beef":4,"minecraft:wheat_seeds":52,"minecraft:cooked_mutton":11,"minecraft:water_bucket":7,"minecraft:diorite":6,"minecraft:stone_pickaxe":197,"minecraft:oak_planks":52,"minecraft:wooden_pickaxe":54,"minecraft:stonecutter":1,"minecraft:crafting_table":9,"minecraft:oak_log":1,"minecraft:bread":1,"minecraft:iron_pickaxe":374,"minecraft:stone_axe":54,"minecraft:cobblestone":219,"minecraft:cooked_porkchop":3,"minecraft:bucket":7,"minecraft:smooth_stone":1,"minecraft:birch_stairs":4},"minecraft:mined":{"minecraft:farmland":23,"iceandfire:silver_ore":2,"minecraft:mossy_cobblestone":1,"minecraft:cherry_log":7,"biomesoplenty:bush":6,"minecraft:grass_block":258,"minecraft:spawner":4,"minecraft:hay_block":13,"minecraft:smooth_stone":1,"minecraft:furnace":5,"minecraft:iron_ore":18,"minecraft:andesite":8,"minecraft:gold_block":2,"minecraft:potatoes":6,"biomesoplenty:high_grass":14,"minecraft:vine":2,"minecraft:dirt_path":19,"minecraft:oak_stairs":60,"biomesoplenty:barley":44,"minecraft:stone":262,"minecraft:glass_pane":2,"minecraft:dandelion":2,"minecraft:clay":3,"minecraft:crafting_table":6,"minecraft:torch":4,"biomesoplenty:high_grass_plant":54,"minecraft:tall_grass":57,"minecraft:cobblestone":44,"minecraft:oak_planks":22,"minecraft:diorite":8,"minecraft:wall_torch":4,"minecraft:white_terracotta":2,"minecraft:chain":2,"minecraft:birch_log":5,"minecraft:lilac":2,"minecraft:birch_leaves":1,"born_in_chaos_v1:river_mint":5,"minecraft:grass":534,"minecraft:oak_log":36,"minecraft:coal_ore":41,"minecraft:dirt":441,"minecraft:stonecutter":1,"minecraft:oak_leaves":9}},"DataVersion":3465}