{"stats":{"minecraft:crafted":{"minecraft:oak_planks":44,"minecraft:crafting_table":3,"minecraft:wooden_pickaxe":2,"minecraft:furnace":3,"minecraft:stone_axe":2,"minecraft:cooked_mutton":6,"minecraft:air":0,"minecraft:stick":24,"minecraft:iron_ingot":5,"minecraft:stone_pickaxe":2,"minecraft:wooden_axe":2,"minecraft:chest":1,"minecraft:torch":32},"minecraft:custom":{"minecraft:interact_with_furnace":20,"minecraft:mob_kills":13,"minecraft:interact_with_crafting_table":13,"minecraft:leave_game":2,"minecraft:time_since_death":11038,"minecraft:time_since_rest":11066,"minecraft:sprint_one_cm":112684,"minecraft:damage_taken":1309,"minecraft:walk_one_cm":82897,"minecraft:drop":25,"minecraft:damage_dealt":1531,"minecraft:swim_one_cm":7707,"minecraft:fly_one_cm":158010,"minecraft:open_chest":4,"minecraft:crouch_one_cm":1003,"minecraft:play_time":39131,"minecraft:deaths":4,"minecraft:sneak_time":351,"minecraft:walk_under_water_one_cm":3769,"minecraft:jump":874,"minecraft:walk_on_water_one_cm":2732,"minecraft:total_world_time":39131,"minecraft:fall_one_cm":23013},"minecraft:picked_up":{"born_in_chaos_v1:corpse_maggot":7,"minecraft:crafting_table":2,"minecraft:chainmail_boots":1,"minecraft:salmon":1,"minecraft:wooden_pickaxe":1,"minecraft:oak_log":19,"minecraft:dirt":48,"minecraft:cooked_mutton":4,"minecraft:wheat_seeds":9,"minecraft:bucket":1,"minecraft:stone_pickaxe":1,"minecraft:chest":1,"minecraft:oak_planks":9,"minecraft:furnace":1,"minecraft:raw_iron":15,"minecraft:torch":11,"minecraft:gravel":1,"minecraft:cherry_log":6,"minecraft:diorite":8,"minecraft:rotten_flesh":5,"minecraft:stone_axe":1,"minecraft:hay_block":13,"minecraft:bone_meal":1,"minecraft:gray_wool":1,"minecraft:oak_sapling":1,"born_in_chaos_v1:rotten_fish":2,"minecraft:black_wool":1,"minecraft:mutton":9,"minecraft:coal":71,"minecraft:white_wool":9,"iceandfire:raw_silver":1,"minecraft:cobblestone":130,"minecraft:sunflower":1},"minecraft:killed_by":{"minecraft:player":2,"minecraft:zombie":1,"iceandfire:ghost":1},"minecraft:mined":{"iceandfire:silver_ore":1,"minecraft:cherry_log":7,"minecraft:crafting_table":1,"minecraft:torch":1,"biomesoplenty:bush":5,"minecraft:grass_block":10,"minecraft:tall_grass":8,"minecraft:cobblestone":8,"minecraft:diorite":8,"minecraft:wall_torch":2,"minecraft:hay_block":13,"minecraft:iron_ore":15,"minecraft:grass":38,"minecraft:oak_log":19,"minecraft:coal_ore":38,"minecraft:dirt":28,"biomesoplenty:barley":44,"minecraft:stone":107,"minecraft:oak_leaves":2},"minecraft:used":{"minecraft:cooked_mutton":6,"minecraft:diorite":6,"minecraft:stone_pickaxe":197,"minecraft:chest":1,"minecraft:wooden_pickaxe":33,"minecraft:torch":13,"minecraft:dirt":15,"minecraft:crafting_table":4,"minecraft:oak_log":1,"minecraft:stone_axe":46,"minecraft:cobblestone":37,"minecraft:furnace":3},"minecraft:dropped":{"minecraft:cobblestone":23,"minecraft:rotten_flesh":1,"born_in_chaos_v1:corpse_maggot":3},"minecraft:killed":{"minecraft:salmon":1,"born_in_chaos_v1:maggot":2,"minecraft:sheep":4,"minecraft:zombie":1,"born_in_chaos_v1:corpse_fly":1,"born_in_chaos_v1:corpse_fish":3,"born_in_chaos_v1:door_knight":1}},"DataVersion":3465}