{"stats":{"minecraft:crafted":{"minecraft:oak_planks":112,"minecraft:furnace":3,"minecraft:cooked_mutton":6,"minecraft:iron_axe":1,"minecraft:stone_pickaxe":2,"minecraft:chest":5,"minecraft:stone_hoe":1,"minecraft:cooked_beef":4,"minecraft:cooked_porkchop":3,"minecraft:crafting_table":3,"minecraft:wooden_pickaxe":2,"minecraft:cooked_salmon":5,"minecraft:birch_planks":20,"minecraft:stone_axe":2,"minecraft:air":0,"minecraft:iron_chestplate":1,"minecraft:stick":36,"minecraft:iron_ingot":15,"minecraft:iron_pickaxe":1,"minecraft:wooden_axe":2,"minecraft:iron_shovel":2,"minecraft:torch":32},"minecraft:picked_up":{"minecraft:crafting_table":7,"minecraft:chainmail_boots":1,"born_in_chaos_v1:river_mint":4,"minecraft:clay_ball":15,"minecraft:wooden_pickaxe":1,"minecraft:oak_stairs":55,"minecraft:gold_block":2,"minecraft:fire_coral":1,"minecraft:smooth_stone":1,"minecraft:bucket":1,"minecraft:beef":13,"minecraft:chest":1,"minecraft:birch_sapling":1,"minecraft:egg":2,"minecraft:furnace":6,"minecraft:raw_iron":15,"minecraft:torch":23,"minecraft:porkchop":3,"minecraft:cherry_log":6,"minecraft:diorite":8,"minecraft:rotten_flesh":10,"minecraft:arrow":24,"minecraft:tropical_fish":1,"minecraft:hay_block":13,"minecraft:white_terracotta":2,"minecraft:mutton":14,"minecraft:white_wool":10,"minecraft:cobblestone":294,"minecraft:birch_log":5,"born_in_chaos_v1:corpse_maggot":7,"minecraft:lilac":2,"minecraft:salmon":7,"minecraft:andesite":3,"minecraft:leather":7,"minecraft:oak_log":36,"minecraft:dirt":526,"minecraft:cooked_mutton":9,"minecraft:bone":2,"minecraft:kelp":3,"minecraft:stonecutter":1,"minecraft:wheat_seeds":74,"minecraft:stone_pickaxe":1,"minecraft:iron_ingot":7,"minecraft:oak_planks":28,"minecraft:dandelion":2,"minecraft:gravel":1,"minecraft:stone_axe":1,"minecraft:scute":1,"minecraft:bone_meal":1,"minecraft:gray_wool":1,"born_in_chaos_v1:rotten_fish":2,"minecraft:oak_sapling":3,"minecraft:black_wool":1,"minecraft:coal":107,"iceandfire:raw_silver":1,"minecraft:sunflower":1},"minecraft:killed":{"minecraft:cave_spider":1,"born_in_chaos_v1:maggot":2,"born_in_chaos_v1:corpse_fish":4,"born_in_chaos_v1:barrel_zombie":2,"minecraft:pig":1,"born_in_chaos_v1:bone_imp_minion":1,"born_in_chaos_v1:baby_skeleton":1,"minecraft:salmon":6,"born_in_chaos_v1:decrepit_skeleton":1,"minecraft:sheep":7,"minecraft:zombie":2,"iceandfire:ghost":1,"born_in_chaos_v1:corpse_fly":1,"born_in_chaos_v1:dark_vortex":1,"born_in_chaos_v1:door_knight":1,"minecraft:cow":7},"minecraft:broken":{"minecraft:iron_shovel":1},"minecraft:killed_by":{"minecraft:player":2,"minecraft:zombie":1,"iceandfire:ghost":1},"minecraft:custom":{"minecraft:mob_kills":39,"minecraft:interact_with_crafting_table":23,"minecraft:open_barrel":7,"minecraft:leave_game":4,"minecraft:time_since_death":81518,"minecraft:climb_one_cm":267,"minecraft:sprint_one_cm":364085,"minecraft:walk_one_cm":297670,"minecraft:drop":27,"minecraft:play_time":109611,"minecraft:deaths":4,"minecraft:sneak_time":5475,"minecraft:walk_under_water_one_cm":8904,"minecraft:jump":1824,"minecraft:walk_on_water_one_cm":12104,"minecraft:total_world_time":109611,"minecraft:interact_with_furnace":38,"minecraft:sleep_in_bed":1,"minecraft:time_since_rest":43188,"minecraft:damage_taken":2240,"minecraft:trigger_trapped_chest":1,"minecraft:damage_dealt":4766,"minecraft:swim_one_cm":22706,"minecraft:fly_one_cm":313230,"minecraft:open_chest":23,"minecraft:crouch_one_cm":18538,"minecraft:fall_one_cm":44942},"minecraft:dropped":{"minecraft:cobblestone":23,"minecraft:leather":7,"minecraft:rotten_flesh":1,"born_in_chaos_v1:corpse_maggot":3,"minecraft:oak_sapling":2},"minecraft:used":{"minecraft:iron_shovel":459,"minecraft:chest":5,"minecraft:cooked_salmon":5,"minecraft:stone_hoe":51,"minecraft:torch":29,"minecraft:dirt":141,"minecraft:iron_axe":233,"minecraft:oak_stairs":54,"minecraft:furnace":8,"minecraft:egg":1,"minecraft:cooked_beef":4,"minecraft:wheat_seeds":51,"minecraft:cooked_mutton":9,"minecraft:diorite":6,"minecraft:stone_pickaxe":197,"minecraft:oak_planks":52,"minecraft:wooden_pickaxe":54,"minecraft:crafting_table":9,"minecraft:oak_log":1,"minecraft:bread":1,"minecraft:iron_pickaxe":341,"minecraft:stone_axe":54,"minecraft:cobblestone":194,"minecraft:cooked_porkchop":3,"minecraft:smooth_stone":1},"minecraft:mined":{"iceandfire:silver_ore":1,"minecraft:mossy_cobblestone":1,"minecraft:cherry_log":7,"biomesoplenty:bush":6,"minecraft:grass_block":181,"minecraft:spawner":4,"minecraft:hay_block":13,"minecraft:smooth_stone":1,"minecraft:furnace":5,"minecraft:iron_ore":18,"minecraft:andesite":3,"minecraft:gold_block":2,"biomesoplenty:high_grass":14,"minecraft:vine":2,"minecraft:dirt_path":7,"minecraft:oak_stairs":60,"biomesoplenty:barley":44,"minecraft:stone":238,"minecraft:glass_pane":2,"minecraft:dandelion":2,"minecraft:clay":3,"minecraft:crafting_table":6,"minecraft:torch":3,"biomesoplenty:high_grass_plant":54,"minecraft:tall_grass":57,"minecraft:cobblestone":44,"minecraft:oak_planks":22,"minecraft:diorite":8,"minecraft:wall_torch":4,"minecraft:white_terracotta":2,"minecraft:chain":2,"minecraft:birch_log":5,"minecraft:lilac":2,"minecraft:birch_leaves":1,"born_in_chaos_v1:river_mint":5,"minecraft:grass":534,"minecraft:oak_log":36,"minecraft:coal_ore":41,"minecraft:dirt":329,"minecraft:stonecutter":1,"minecraft:oak_leaves":9}},"DataVersion":3465}