{"stats":{"minecraft:picked_up":{"minecraft:wheat_seeds":4},"minecraft:custom":{"minecraft:jump":301,"minecraft:time_since_rest":175,"minecraft:deaths":3,"minecraft:damage_dealt":265,"minecraft:walk_on_water_one_cm":4064,"minecraft:sprint_one_cm":15704,"minecraft:play_time":5834,"minecraft:damage_taken":818,"minecraft:time_since_death":146,"minecraft:walk_one_cm":2538,"minecraft:total_world_time":5834,"minecraft:walk_under_water_one_cm":2104,"minecraft:swim_one_cm":3900,"minecraft:fall_one_cm":13813,"minecraft:fly_one_cm":71352,"minecraft:player_kills":2},"minecraft:mined":{"minecraft:tall_grass":9,"minecraft:grass":27,"biomesoplenty:barley":10},"minecraft:killed_by":{"minecraft:zombie":1,"minecraft:player":1}},"DataVersion":3465}