{"stats":{"minecraft:crafted":{"minecraft:wooden_sword":2,"minecraft:oak_planks":92,"minecraft:cooked_porkchop":4,"minecraft:crafting_table":4,"minecraft:stone_axe":1,"minecraft:stick":36,"minecraft:iron_pickaxe":1,"minecraft:iron_ingot":7,"minecraft:stone_pickaxe":4,"minecraft:wooden_axe":1,"minecraft:stone_sword":1,"minecraft:white_bed":1,"minecraft:torch":8},"minecraft:custom":{"minecraft:interact_with_furnace":13,"minecraft:mob_kills":25,"minecraft:interact_with_crafting_table":14,"minecraft:damage_dealt_resisted":9,"minecraft:time_since_death":31460,"minecraft:time_since_rest":31488,"minecraft:sprint_one_cm":229009,"minecraft:damage_taken":4053,"minecraft:walk_one_cm":151447,"minecraft:damage_dealt":3767,"minecraft:swim_one_cm":7539,"minecraft:fly_one_cm":568135,"minecraft:player_kills":4,"minecraft:open_chest":7,"minecraft:crouch_one_cm":717,"minecraft:play_time":83834,"minecraft:deaths":12,"minecraft:sneak_time":328,"minecraft:walk_under_water_one_cm":2866,"minecraft:jump":2431,"minecraft:walk_on_water_one_cm":10746,"minecraft:total_world_time":83834,"minecraft:fall_one_cm":84422},"minecraft:picked_up":{"biomesoplenty:lavender":2,"minecraft:birch_log":2,"born_in_chaos_v1:corpse_maggot":4,"minecraft:pink_petals":15,"minecraft:feather":2,"minecraft:chicken":2,"minecraft:andesite":21,"minecraft:leather":5,"minecraft:oak_log":38,"born_in_chaos_v1:bloody_gadfly_eye":1,"minecraft:string":2,"minecraft:dirt":48,"minecraft:bone":3,"minecraft:wheat_seeds":30,"minecraft:beef":10,"minecraft:iron_ingot":1,"minecraft:stone_pickaxe":2,"minecraft:sugar_cane":10,"minecraft:oak_planks":32,"minecraft:egg":12,"minecraft:stick":5,"minecraft:raw_iron":7,"minecraft:torch":1,"minecraft:dandelion":1,"minecraft:porkchop":6,"minecraft:white_bed":1,"minecraft:dark_oak_log":2,"minecraft:spider_eye":1,"minecraft:stone_sword":2,"minecraft:rotten_flesh":8,"born_in_chaos_v1:rotten_fish":1,"minecraft:oak_sapling":4,"minecraft:mutton":19,"minecraft:coal":23,"minecraft:white_wool":9,"minecraft:cobblestone":277},"minecraft:killed_by":{"minecraft:player":1,"minecraft:skeleton":5,"minecraft:zombie":3,"born_in_chaos_v1:baby_skeleton":1},"minecraft:mined":{"minecraft:white_bed":1,"minecraft:dandelion":1,"biomesoplenty:bush":2,"minecraft:grass_block":8,"minecraft:tall_grass":53,"minecraft:wall_torch":1,"minecraft:pink_petals":8,"minecraft:iron_ore":7,"biomesoplenty:lavender":2,"minecraft:andesite":21,"minecraft:grass":218,"minecraft:coal_ore":23,"minecraft:oak_log":37,"minecraft:sunflower":1,"minecraft:dirt":17,"biomesoplenty:barley":20,"minecraft:stone":244,"minecraft:oak_leaves":9},"minecraft:used":{"minecraft:stone_sword":99,"minecraft:stone_pickaxe":331,"minecraft:oak_planks":1,"minecraft:torch":7,"minecraft:dirt":27,"minecraft:mutton":19,"minecraft:crafting_table":4,"minecraft:white_bed":1,"minecraft:oak_log":2,"born_in_chaos_v1:corpse_maggot":4,"minecraft:wooden_axe":33,"minecraft:chicken":2,"minecraft:iron_pickaxe":2,"minecraft:stone_axe":20,"minecraft:wooden_sword":152,"minecraft:cobblestone":12,"minecraft:beef":10,"minecraft:cooked_porkchop":3,"minecraft:porkchop":6,"minecraft:andesite":2,"minecraft:egg":7},"minecraft:killed":{"minecraft:pig":3,"born_in_chaos_v1:zombie_lumberjack":1,"minecraft:spider":1,"born_in_chaos_v1:decrepit_skeleton":1,"born_in_chaos_v1:maggot":3,"minecraft:sheep":8,"minecraft:zombie":1,"minecraft:chicken":3,"minecraft:cow":4},"minecraft:broken":{"minecraft:stone_pickaxe":2,"minecraft:wooden_sword":2}},"DataVersion":3465}