{"stats":{"minecraft:crafted":{"minecraft:wooden_sword":2,"minecraft:oak_planks":40,"minecraft:crafting_table":2,"minecraft:stick":8,"minecraft:wooden_axe":1},"minecraft:custom":{"minecraft:time_since_rest":2420,"minecraft:sprint_one_cm":160293,"minecraft:damage_taken":2773,"minecraft:walk_one_cm":69319,"minecraft:mob_kills":16,"minecraft:damage_dealt":2565,"minecraft:swim_one_cm":7539,"minecraft:interact_with_crafting_table":2,"minecraft:player_kills":4,"minecraft:fly_one_cm":419949,"minecraft:open_chest":7,"minecraft:play_time":41834,"minecraft:deaths":9,"minecraft:walk_under_water_one_cm":2866,"minecraft:jump":1699,"minecraft:walk_on_water_one_cm":10746,"minecraft:time_since_death":2386,"minecraft:total_world_time":41834,"minecraft:fall_one_cm":65456},"minecraft:picked_up":{"minecraft:birch_log":2,"minecraft:pink_petals":15,"minecraft:stick":1,"minecraft:feather":2,"minecraft:chicken":2,"minecraft:leather":3,"minecraft:dandelion":1,"minecraft:porkchop":6,"minecraft:oak_log":15,"minecraft:white_bed":1,"minecraft:dark_oak_log":2,"minecraft:dirt":2,"minecraft:bone":1,"minecraft:rotten_flesh":4,"minecraft:wheat_seeds":26,"minecraft:iron_ingot":1,"minecraft:beef":7,"minecraft:mutton":8,"minecraft:white_wool":5,"biomesoplenty:lavender":2,"minecraft:egg":3},"minecraft:killed_by":{"born_in_chaos_v1:baby_skeleton":1,"minecraft:player":1,"minecraft:skeleton":3,"minecraft:zombie":2},"minecraft:mined":{"minecraft:pink_petals":8,"minecraft:white_bed":1,"biomesoplenty:lavender":2,"minecraft:dandelion":1,"minecraft:grass":174,"biomesoplenty:bush":2,"minecraft:grass_block":1,"minecraft:oak_log":15,"minecraft:sunflower":1,"minecraft:dirt":1,"minecraft:tall_grass":43,"biomesoplenty:barley":20,"minecraft:oak_leaves":1},"minecraft:used":{"minecraft:wooden_axe":33,"minecraft:chicken":2,"minecraft:oak_planks":1,"minecraft:wooden_sword":152,"minecraft:dirt":1,"minecraft:mutton":8,"minecraft:beef":7,"minecraft:crafting_table":2,"minecraft:porkchop":6,"minecraft:egg":3},"minecraft:killed":{"minecraft:sheep":5,"minecraft:pig":3,"born_in_chaos_v1:zombie_lumberjack":1,"minecraft:chicken":3,"minecraft:cow":3,"born_in_chaos_v1:decrepit_skeleton":1},"minecraft:broken":{"minecraft:wooden_sword":2}},"DataVersion":3465}