{"stats":{"minecraft:killed":{"minecraft:sheep":2},"minecraft:dropped":{"minecraft:wheat_seeds":1},"minecraft:picked_up":{"minecraft:birch_log":7,"minecraft:stick":1,"minecraft:coarse_dirt":3,"duneons:swamplog":8,"minecraft:jungle_log":2,"minecraft:brown_wool":1,"minecraft:dandelion":1,"minecraft:packed_mud":1,"minecraft:oak_log":4,"minecraft:dark_oak_log":1,"minecraft:dirt":16,"duneons:wood_stronghold":2,"minecraft:bone":1,"minecraft:rotten_flesh":9,"born_in_chaos_v1:wood_splitter_axe":1,"minecraft:wheat_seeds":19,"duneons:fancyfence_corner":1,"minecraft:moss_block":3,"minecraft:mutton":3,"minecraft:acacia_sapling":1,"minecraft:white_wool":1,"minecraft:egg":2},"minecraft:crafted":{"minecraft:birch_planks":28},"minecraft:killed_by":{"duneons:squallgolem":1,"born_in_chaos_v1:decrepit_skeleton":1,"minecraft:skeleton":1,"minecraft:creeper":2,"duneons:mountaineer":1,"minecraft:zombie":1,"minecraft:vex":1},"minecraft:used":{"minecraft:moss_block":2,"minecraft:birch_planks":13,"minecraft:packed_mud":1,"duneons:swamplog":8,"minecraft:rotten_flesh":6,"minecraft:mutton":2,"minecraft:dirt":7,"minecraft:acacia_sapling":1,"minecraft:potato":3},"minecraft:mined":{"minecraft:acacia_leaves":10,"minecraft:birch_log":7,"duneons:wood_stronghold":2,"minecraft:dandelion":1,"minecraft:grass":110,"duneons:swamplog":8,"minecraft:grass_block":3,"minecraft:oak_log":2,"minecraft:vine":2,"minecraft:jungle_log":2,"minecraft:dead_bush":2,"minecraft:dirt":1,"duneons:fancyfence":1,"minecraft:tall_grass":20,"minecraft:moss_block":2,"minecraft:oak_leaves":4},"minecraft:custom":{"minecraft:time_since_rest":4470,"minecraft:sprint_one_cm":78636,"minecraft:damage_taken":3499,"minecraft:walk_one_cm":44519,"minecraft:mob_kills":2,"minecraft:drop":1,"minecraft:damage_dealt":768,"minecraft:swim_one_cm":5606,"minecraft:fly_one_cm":211253,"minecraft:player_kills":2,"minecraft:open_chest":4,"minecraft:crouch_one_cm":1677,"minecraft:play_time":31878,"minecraft:deaths":11,"minecraft:sneak_time":440,"minecraft:walk_under_water_one_cm":780,"minecraft:jump":1055,"minecraft:leave_game":1,"minecraft:walk_on_water_one_cm":2223,"minecraft:time_since_death":4445,"minecraft:climb_one_cm":7531,"minecraft:total_world_time":31878,"minecraft:fall_one_cm":48998}},"DataVersion":3465}