{"stats":{"minecraft:crafted":{"minecraft:wooden_sword":2,"minecraft:oak_planks":92,"minecraft:cooked_porkchop":4,"minecraft:crafting_table":4,"minecraft:iron_helmet":1,"minecraft:iron_sword":1,"minecraft:stone_axe":1,"minecraft:iron_boots":1,"minecraft:iron_chestplate":1,"minecraft:shield":1,"minecraft:stick":36,"minecraft:iron_ingot":44,"minecraft:iron_pickaxe":1,"minecraft:stone_pickaxe":4,"minecraft:wooden_axe":1,"minecraft:stone_sword":1,"minecraft:iron_leggings":1,"minecraft:white_bed":1,"minecraft:torch":36},"minecraft:picked_up":{"biomesoplenty:lavender":2,"minecraft:birch_log":2,"born_in_chaos_v1:corpse_maggot":4,"minecraft:pink_petals":19,"minecraft:feather":4,"minecraft:chicken":4,"born_in_chaos_v1:river_mint":1,"minecraft:andesite":33,"minecraft:leather":5,"minecraft:oak_log":38,"born_in_chaos_v1:bloody_gadfly_eye":1,"minecraft:dirt":53,"minecraft:string":2,"minecraft:bone":3,"minecraft:wheat_seeds":33,"minecraft:stone_pickaxe":2,"minecraft:iron_ingot":1,"minecraft:beef":13,"minecraft:sugar_cane":10,"minecraft:oak_planks":32,"minecraft:egg":15,"minecraft:stick":5,"minecraft:raw_iron":59,"minecraft:torch":4,"minecraft:dandelion":1,"minecraft:porkchop":18,"minecraft:diorite":17,"minecraft:white_bed":1,"minecraft:dark_oak_log":2,"minecraft:spider_eye":1,"minecraft:stone_sword":2,"minecraft:rotten_flesh":8,"minecraft:granite":28,"born_in_chaos_v1:rotten_fish":1,"minecraft:oak_sapling":5,"minecraft:mutton":19,"minecraft:coal":54,"minecraft:white_wool":9,"minecraft:cobblestone":470,"minecraft:sunflower":2},"minecraft:killed":{"minecraft:pig":9,"born_in_chaos_v1:zombie_lumberjack":1,"minecraft:spider":1,"born_in_chaos_v1:decrepit_skeleton":1,"born_in_chaos_v1:maggot":3,"minecraft:sheep":8,"minecraft:zombie":2,"minecraft:chicken":5,"minecraft:cow":5},"minecraft:broken":{"minecraft:stone_pickaxe":4,"minecraft:wooden_sword":2},"minecraft:killed_by":{"minecraft:player":1,"minecraft:skeleton":5,"minecraft:zombie":3,"born_in_chaos_v1:baby_skeleton":1},"minecraft:custom":{"minecraft:interact_with_furnace":22,"minecraft:mob_kills":36,"minecraft:interact_with_crafting_table":23,"minecraft:damage_dealt_resisted":9,"minecraft:leave_game":1,"minecraft:time_since_death":79052,"minecraft:sleep_in_bed":1,"minecraft:time_since_rest":32559,"minecraft:sprint_one_cm":341812,"minecraft:damage_taken":4240,"minecraft:walk_one_cm":220453,"minecraft:damage_blocked_by_shield":300,"minecraft:drop":16,"minecraft:damage_dealt":5023,"minecraft:player_kills":4,"minecraft:swim_one_cm":8302,"minecraft:fly_one_cm":867066,"minecraft:open_chest":7,"minecraft:play_time":131426,"minecraft:crouch_one_cm":3416,"minecraft:deaths":12,"minecraft:sneak_time":1477,"minecraft:walk_under_water_one_cm":3126,"minecraft:jump":3669,"minecraft:walk_on_water_one_cm":11379,"minecraft:total_world_time":131426,"minecraft:fall_one_cm":122059},"minecraft:used":{"minecraft:stone_sword":109,"minecraft:stone_pickaxe":498,"minecraft:oak_planks":1,"minecraft:shield":7,"minecraft:iron_sword":90,"minecraft:torch":17,"minecraft:dirt":33,"minecraft:mutton":19,"minecraft:crafting_table":4,"minecraft:white_bed":1,"minecraft:oak_log":2,"born_in_chaos_v1:corpse_maggot":4,"minecraft:wooden_axe":33,"minecraft:chicken":4,"minecraft:iron_pickaxe":163,"minecraft:wooden_sword":152,"minecraft:stone_axe":20,"minecraft:cobblestone":113,"minecraft:beef":13,"minecraft:porkchop":18,"minecraft:cooked_porkchop":4,"minecraft:andesite":2,"minecraft:egg":7},"minecraft:dropped":{"minecraft:iron_ingot":6,"minecraft:wheat_seeds":4,"minecraft:feather":2,"minecraft:cobblestone":1,"minecraft:granite":14,"minecraft:andesite":31,"minecraft:oak_sapling":1,"born_in_chaos_v1:bloody_gadfly_eye":1,"minecraft:spider_eye":1,"minecraft:sunflower":1,"minecraft:egg":1},"minecraft:mined":{"minecraft:white_bed":1,"minecraft:dandelion":1,"minecraft:granite":14,"biomesoplenty:bush":5,"minecraft:grass_block":9,"minecraft:tall_grass":53,"minecraft:cobblestone":16,"minecraft:diorite":17,"minecraft:wall_torch":4,"minecraft:pink_petals":10,"minecraft:iron_ore":59,"biomesoplenty:lavender":2,"minecraft:andesite":33,"minecraft:grass":243,"minecraft:oak_log":37,"minecraft:coal_ore":54,"minecraft:sunflower":2,"minecraft:dirt":23,"biomesoplenty:barley":20,"minecraft:stone":421,"minecraft:oak_leaves":11}},"DataVersion":3465}