{"stats":{"minecraft:picked_up":{"minecraft:birch_log":7,"duneons:swamplog":8,"minecraft:jungle_log":2,"minecraft:wheat_seeds":2,"minecraft:egg":1,"duneons:wood_stronghold":2},"minecraft:crafted":{"minecraft:birch_planks":28},"minecraft:used":{"minecraft:birch_planks":13,"duneons:swamplog":8},"minecraft:killed_by":{"duneons:mountaineer":1,"minecraft:vex":1},"minecraft:mined":{"minecraft:grass":19,"duneons:swamplog":8,"minecraft:vine":2,"minecraft:jungle_log":2,"minecraft:dead_bush":1,"minecraft:birch_log":7,"minecraft:tall_grass":9,"duneons:wood_stronghold":2},"minecraft:custom":{"minecraft:open_chest":1,"minecraft:time_since_rest":276,"minecraft:crouch_one_cm":214,"minecraft:play_time":6765,"minecraft:sprint_one_cm":10509,"minecraft:damage_taken":515,"minecraft:walk_one_cm":9803,"minecraft:deaths":2,"minecraft:sneak_time":86,"minecraft:walk_under_water_one_cm":66,"minecraft:jump":232,"minecraft:damage_dealt":130,"minecraft:time_since_death":0,"minecraft:walk_on_water_one_cm":267,"minecraft:total_world_time":6765,"minecraft:swim_one_cm":1742,"minecraft:fall_one_cm":10384,"minecraft:fly_one_cm":46772,"minecraft:player_kills":1}},"DataVersion":3465}