{"stats":{"minecraft:crafted":{"minecraft:wooden_sword":2,"minecraft:oak_planks":92,"minecraft:cooked_porkchop":4,"minecraft:crafting_table":4,"minecraft:iron_helmet":1,"minecraft:iron_sword":1,"minecraft:stone_axe":1,"minecraft:iron_boots":1,"minecraft:iron_chestplate":1,"minecraft:shield":2,"minecraft:stick":36,"minecraft:iron_ingot":59,"minecraft:iron_pickaxe":1,"minecraft:stone_pickaxe":4,"minecraft:wooden_axe":1,"minecraft:stone_sword":1,"minecraft:iron_leggings":1,"minecraft:white_bed":1,"minecraft:torch":36},"minecraft:picked_up":{"biomesoplenty:lavender":2,"minecraft:birch_log":2,"born_in_chaos_v1:corpse_maggot":4,"minecraft:pink_petals":23,"minecraft:iron_chestplate":1,"minecraft:feather":22,"minecraft:jungle_log":4,"minecraft:chicken":12,"born_in_chaos_v1:river_mint":2,"minecraft:andesite":33,"minecraft:leather":6,"minecraft:oak_log":44,"born_in_chaos_v1:bloody_gadfly_eye":1,"minecraft:dirt":63,"minecraft:string":4,"minecraft:iron_leggings":1,"minecraft:bone":5,"minecraft:wheat_seeds":42,"minecraft:stone_pickaxe":2,"minecraft:iron_ingot":24,"minecraft:beef":13,"minecraft:iron_pickaxe":1,"minecraft:sugar_cane":20,"minecraft:iron_sword":1,"minecraft:oak_planks":52,"minecraft:iron_boots":1,"minecraft:egg":23,"minecraft:stick":13,"minecraft:raw_iron":59,"minecraft:pumpkin":1,"minecraft:torch":28,"minecraft:dandelion":1,"minecraft:porkchop":18,"minecraft:diorite":34,"minecraft:white_bed":1,"minecraft:dark_oak_log":2,"minecraft:spider_eye":1,"minecraft:stone_sword":4,"minecraft:rotten_flesh":18,"minecraft:stone_axe":1,"minecraft:iron_helmet":1,"minecraft:granite":42,"born_in_chaos_v1:rotten_fish":2,"minecraft:oak_sapling":6,"minecraft:mutton":23,"minecraft:coal":54,"minecraft:white_wool":12,"minecraft:cobblestone":796,"minecraft:sunflower":3},"minecraft:killed":{"minecraft:pig":9,"born_in_chaos_v1:zombie_lumberjack":2,"minecraft:spider":1,"born_in_chaos_v1:decrepit_skeleton":1,"born_in_chaos_v1:maggot":3,"minecraft:sheep":11,"minecraft:zombie":3,"minecraft:chicken":13,"minecraft:cow":5},"minecraft:broken":{"minecraft:stone_pickaxe":4,"minecraft:shield":1,"minecraft:wooden_sword":2},"minecraft:killed_by":{"minecraft:player":1,"born_in_chaos_v1:nightmare_stalker":1,"minecraft:skeleton":5,"minecraft:zombie":3,"born_in_chaos_v1:baby_skeleton":1},"minecraft:custom":{"minecraft:interact_with_furnace":25,"minecraft:mob_kills":50,"minecraft:interact_with_crafting_table":27,"minecraft:damage_dealt_resisted":9,"minecraft:leave_game":1,"minecraft:time_since_death":11444,"minecraft:sleep_in_bed":1,"minecraft:time_since_rest":11477,"minecraft:sprint_one_cm":407824,"minecraft:damage_taken":4710,"minecraft:walk_one_cm":276336,"minecraft:damage_blocked_by_shield":3000,"minecraft:trigger_trapped_chest":1,"minecraft:drop":18,"minecraft:damage_dealt":6570,"minecraft:player_kills":4,"minecraft:swim_one_cm":21166,"minecraft:fly_one_cm":1044369,"minecraft:open_chest":7,"minecraft:play_time":155426,"minecraft:crouch_one_cm":4279,"minecraft:deaths":13,"minecraft:sneak_time":1615,"minecraft:walk_under_water_one_cm":5707,"minecraft:jump":4393,"minecraft:walk_on_water_one_cm":27180,"minecraft:total_world_time":155426,"minecraft:fall_one_cm":143247},"minecraft:used":{"minecraft:stone_sword":145,"minecraft:stone_pickaxe":498,"minecraft:oak_planks":1,"minecraft:shield":54,"minecraft:iron_sword":190,"minecraft:torch":17,"minecraft:dirt":35,"minecraft:mutton":23,"minecraft:crafting_table":4,"minecraft:white_bed":1,"minecraft:oak_log":2,"born_in_chaos_v1:corpse_maggot":4,"minecraft:wooden_axe":33,"minecraft:chicken":12,"minecraft:iron_pickaxe":176,"minecraft:wooden_sword":152,"minecraft:stone_axe":20,"minecraft:cobblestone":134,"minecraft:beef":13,"minecraft:porkchop":18,"minecraft:cooked_porkchop":4,"minecraft:andesite":2,"minecraft:egg":11,"minecraft:pumpkin":1},"minecraft:dropped":{"minecraft:iron_ingot":6,"minecraft:wheat_seeds":4,"minecraft:stone_sword":1,"minecraft:feather":2,"minecraft:cobblestone":2,"minecraft:granite":14,"minecraft:andesite":31,"minecraft:oak_sapling":1,"born_in_chaos_v1:bloody_gadfly_eye":1,"minecraft:spider_eye":1,"minecraft:sunflower":1,"minecraft:egg":1},"minecraft:mined":{"minecraft:white_bed":1,"minecraft:dandelion":1,"minecraft:granite":14,"biomesoplenty:bush":7,"minecraft:grass_block":12,"minecraft:tall_grass":57,"minecraft:cobblestone":18,"minecraft:diorite":17,"minecraft:wall_torch":5,"minecraft:pink_petals":10,"minecraft:iron_ore":59,"biomesoplenty:lavender":2,"minecraft:andesite":33,"minecraft:pumpkin":1,"minecraft:grass":275,"minecraft:oak_log":37,"minecraft:coal_ore":54,"minecraft:sunflower":2,"minecraft:dirt":28,"biomesoplenty:barley":20,"minecraft:stone":429,"minecraft:oak_leaves":11}},"DataVersion":3465}