{"stats":{"minecraft:killed_by":{"duneons:mountaineer":1},"minecraft:crafted":{"minecraft:birch_planks":28},"minecraft:picked_up":{"minecraft:birch_log":7,"duneons:swamplog":8,"minecraft:jungle_log":2,"minecraft:wheat_seeds":2,"duneons:wood_stronghold":2,"minecraft:egg":1},"minecraft:used":{"minecraft:birch_planks":13,"duneons:swamplog":8},"minecraft:custom":{"minecraft:open_chest":1,"minecraft:time_since_rest":4414,"minecraft:crouch_one_cm":214,"minecraft:play_time":5856,"minecraft:sprint_one_cm":10148,"minecraft:walk_one_cm":9474,"minecraft:damage_taken":310,"minecraft:deaths":1,"minecraft:sneak_time":86,"minecraft:walk_under_water_one_cm":66,"minecraft:jump":228,"minecraft:damage_dealt":130,"minecraft:time_since_death":4413,"minecraft:walk_on_water_one_cm":267,"minecraft:total_world_time":5856,"minecraft:swim_one_cm":1742,"minecraft:fall_one_cm":8579,"minecraft:fly_one_cm":45651,"minecraft:player_kills":1},"minecraft:mined":{"minecraft:grass":19,"duneons:swamplog":8,"minecraft:vine":2,"minecraft:jungle_log":2,"minecraft:dead_bush":1,"minecraft:birch_log":7,"minecraft:tall_grass":9,"duneons:wood_stronghold":2}},"DataVersion":3465}