{"stats":{"minecraft:picked_up":{"minecraft:birch_log":7,"minecraft:stick":1,"duneons:swamplog":8,"minecraft:jungle_log":2,"minecraft:dandelion":1,"minecraft:oak_log":2,"duneons:wood_stronghold":2,"minecraft:wheat_seeds":11,"minecraft:acacia_sapling":1,"minecraft:egg":2},"minecraft:crafted":{"minecraft:birch_planks":28},"minecraft:killed_by":{"minecraft:skeleton":1,"duneons:mountaineer":1,"minecraft:vex":1},"minecraft:used":{"minecraft:birch_planks":13,"duneons:swamplog":8,"minecraft:acacia_sapling":1},"minecraft:mined":{"minecraft:acacia_leaves":9,"minecraft:birch_log":7,"duneons:wood_stronghold":2,"minecraft:dandelion":1,"minecraft:grass":68,"duneons:swamplog":8,"minecraft:oak_log":2,"minecraft:vine":2,"minecraft:jungle_log":2,"minecraft:dead_bush":1,"minecraft:tall_grass":16,"minecraft:moss_block":1,"minecraft:oak_leaves":4},"minecraft:custom":{"minecraft:time_since_rest":1410,"minecraft:sprint_one_cm":28918,"minecraft:damage_taken":835,"minecraft:walk_one_cm":18336,"minecraft:damage_dealt":255,"minecraft:swim_one_cm":1742,"minecraft:fly_one_cm":108406,"minecraft:player_kills":1,"minecraft:open_chest":2,"minecraft:crouch_one_cm":1233,"minecraft:play_time":18765,"minecraft:deaths":3,"minecraft:sneak_time":368,"minecraft:walk_under_water_one_cm":66,"minecraft:jump":572,"minecraft:walk_on_water_one_cm":267,"minecraft:time_since_death":1379,"minecraft:total_world_time":18765,"minecraft:fall_one_cm":24395}},"DataVersion":3465}