{"stats":{"minecraft:crafted":{"minecraft:wooden_sword":2,"minecraft:oak_planks":40,"minecraft:crafting_table":2,"minecraft:stick":8,"minecraft:wooden_axe":1},"minecraft:picked_up":{"minecraft:pink_petals":15,"minecraft:stick":1,"minecraft:feather":2,"minecraft:chicken":2,"minecraft:leather":2,"minecraft:porkchop":4,"minecraft:oak_log":15,"minecraft:white_bed":1,"minecraft:dirt":1,"minecraft:rotten_flesh":1,"minecraft:wheat_seeds":10,"minecraft:beef":5,"minecraft:mutton":7,"minecraft:white_wool":4,"minecraft:egg":3},"minecraft:custom":{"minecraft:time_since_rest":12175,"minecraft:sprint_one_cm":65689,"minecraft:damage_taken":1068,"minecraft:walk_one_cm":23634,"minecraft:mob_kills":11,"minecraft:damage_dealt":1429,"minecraft:swim_one_cm":4262,"minecraft:interact_with_crafting_table":2,"minecraft:player_kills":4,"minecraft:fly_one_cm":155028,"minecraft:open_chest":1,"minecraft:play_time":17834,"minecraft:deaths":3,"minecraft:walk_under_water_one_cm":2131,"minecraft:jump":674,"minecraft:walk_on_water_one_cm":5360,"minecraft:time_since_death":12146,"minecraft:total_world_time":17834,"minecraft:fall_one_cm":26060},"minecraft:killed_by":{"minecraft:player":1,"minecraft:zombie":1},"minecraft:mined":{"minecraft:pink_petals":8,"minecraft:white_bed":1,"minecraft:grass":69,"minecraft:grass_block":1,"minecraft:oak_log":15,"minecraft:tall_grass":16,"biomesoplenty:barley":10,"minecraft:oak_leaves":1},"minecraft:used":{"minecraft:wooden_axe":26,"minecraft:chicken":2,"minecraft:oak_planks":1,"minecraft:wooden_sword":115,"minecraft:dirt":1,"minecraft:mutton":7,"minecraft:beef":5,"minecraft:crafting_table":2,"minecraft:porkchop":3,"minecraft:egg":3},"minecraft:killed":{"minecraft:sheep":4,"minecraft:pig":2,"minecraft:chicken":3,"minecraft:cow":2},"minecraft:broken":{"minecraft:wooden_sword":1}},"DataVersion":3465}