{"stats":{"minecraft:crafted":{"minecraft:wooden_sword":2,"minecraft:oak_planks":92,"minecraft:cooked_porkchop":4,"minecraft:crafting_table":4,"minecraft:iron_helmet":1,"minecraft:iron_sword":1,"minecraft:stone_axe":1,"minecraft:iron_boots":1,"minecraft:iron_chestplate":1,"minecraft:shield":1,"minecraft:stick":36,"minecraft:iron_pickaxe":1,"minecraft:iron_ingot":44,"minecraft:stone_pickaxe":4,"minecraft:wooden_axe":1,"minecraft:stone_sword":1,"minecraft:iron_leggings":1,"minecraft:white_bed":1,"minecraft:torch":36},"minecraft:custom":{"minecraft:interact_with_furnace":22,"minecraft:mob_kills":26,"minecraft:interact_with_crafting_table":23,"minecraft:damage_dealt_resisted":9,"minecraft:time_since_death":55460,"minecraft:sleep_in_bed":1,"minecraft:time_since_rest":8967,"minecraft:sprint_one_cm":246701,"minecraft:damage_taken":4053,"minecraft:walk_one_cm":190690,"minecraft:drop":1,"minecraft:damage_dealt":3911,"minecraft:swim_one_cm":7539,"minecraft:fly_one_cm":569101,"minecraft:player_kills":4,"minecraft:open_chest":7,"minecraft:crouch_one_cm":2815,"minecraft:play_time":107834,"minecraft:deaths":12,"minecraft:sneak_time":1338,"minecraft:walk_under_water_one_cm":2866,"minecraft:jump":2582,"minecraft:walk_on_water_one_cm":10746,"minecraft:total_world_time":107834,"minecraft:fall_one_cm":85169},"minecraft:picked_up":{"biomesoplenty:lavender":2,"minecraft:birch_log":2,"born_in_chaos_v1:corpse_maggot":4,"minecraft:pink_petals":15,"minecraft:feather":2,"minecraft:chicken":2,"minecraft:andesite":33,"minecraft:leather":5,"minecraft:oak_log":38,"born_in_chaos_v1:bloody_gadfly_eye":1,"minecraft:string":2,"minecraft:dirt":52,"minecraft:bone":3,"minecraft:wheat_seeds":30,"minecraft:beef":10,"minecraft:iron_ingot":1,"minecraft:stone_pickaxe":2,"minecraft:sugar_cane":10,"minecraft:oak_planks":32,"minecraft:egg":12,"minecraft:stick":5,"minecraft:raw_iron":59,"minecraft:torch":4,"minecraft:dandelion":1,"minecraft:porkchop":6,"minecraft:diorite":17,"minecraft:white_bed":1,"minecraft:dark_oak_log":2,"minecraft:spider_eye":1,"minecraft:stone_sword":2,"minecraft:rotten_flesh":8,"minecraft:granite":14,"born_in_chaos_v1:rotten_fish":1,"minecraft:oak_sapling":4,"minecraft:mutton":19,"minecraft:coal":54,"minecraft:white_wool":9,"minecraft:cobblestone":447},"minecraft:killed_by":{"minecraft:player":1,"minecraft:skeleton":5,"minecraft:zombie":3,"born_in_chaos_v1:baby_skeleton":1},"minecraft:mined":{"minecraft:white_bed":1,"minecraft:dandelion":1,"minecraft:granite":14,"biomesoplenty:bush":2,"minecraft:grass_block":8,"minecraft:cobblestone":3,"minecraft:tall_grass":53,"minecraft:diorite":17,"minecraft:wall_torch":4,"minecraft:pink_petals":8,"minecraft:iron_ore":59,"biomesoplenty:lavender":2,"minecraft:andesite":33,"minecraft:grass":218,"minecraft:coal_ore":54,"minecraft:oak_log":37,"minecraft:sunflower":1,"minecraft:dirt":22,"biomesoplenty:barley":20,"minecraft:stone":411,"minecraft:oak_leaves":9},"minecraft:used":{"minecraft:stone_sword":109,"minecraft:stone_pickaxe":498,"minecraft:oak_planks":1,"minecraft:torch":17,"minecraft:dirt":28,"minecraft:mutton":19,"minecraft:crafting_table":4,"minecraft:white_bed":1,"minecraft:oak_log":2,"born_in_chaos_v1:corpse_maggot":4,"minecraft:wooden_axe":33,"minecraft:chicken":2,"minecraft:iron_pickaxe":137,"minecraft:stone_axe":20,"minecraft:wooden_sword":152,"minecraft:cobblestone":59,"minecraft:beef":10,"minecraft:cooked_porkchop":3,"minecraft:porkchop":6,"minecraft:andesite":2,"minecraft:egg":7},"minecraft:dropped":{"minecraft:cobblestone":1},"minecraft:killed":{"minecraft:pig":3,"born_in_chaos_v1:zombie_lumberjack":1,"minecraft:spider":1,"born_in_chaos_v1:decrepit_skeleton":1,"born_in_chaos_v1:maggot":3,"minecraft:sheep":8,"minecraft:zombie":1,"minecraft:chicken":3,"minecraft:cow":4},"minecraft:broken":{"minecraft:stone_pickaxe":4,"minecraft:wooden_sword":2}},"DataVersion":3465}