{"stats":{"minecraft:crafted":{"minecraft:wooden_sword":2,"minecraft:oak_planks":40,"minecraft:crafting_table":2,"minecraft:stick":8,"minecraft:wooden_axe":1},"minecraft:custom":{"minecraft:time_since_rest":461,"minecraft:sprint_one_cm":119371,"minecraft:damage_taken":2188,"minecraft:walk_one_cm":54754,"minecraft:mob_kills":16,"minecraft:damage_dealt":2557,"minecraft:swim_one_cm":7050,"minecraft:interact_with_crafting_table":2,"minecraft:player_kills":4,"minecraft:fly_one_cm":280258,"minecraft:open_chest":7,"minecraft:play_time":29834,"minecraft:deaths":7,"minecraft:walk_under_water_one_cm":2744,"minecraft:jump":1156,"minecraft:walk_on_water_one_cm":8417,"minecraft:time_since_death":434,"minecraft:total_world_time":29834,"minecraft:fall_one_cm":45998},"minecraft:picked_up":{"minecraft:birch_log":2,"minecraft:pink_petals":15,"minecraft:stick":1,"minecraft:feather":2,"minecraft:chicken":2,"minecraft:leather":3,"minecraft:porkchop":6,"minecraft:oak_log":15,"minecraft:white_bed":1,"minecraft:dark_oak_log":2,"minecraft:dirt":2,"minecraft:bone":1,"minecraft:rotten_flesh":4,"minecraft:wheat_seeds":11,"minecraft:iron_ingot":1,"minecraft:beef":7,"minecraft:mutton":8,"minecraft:white_wool":5,"biomesoplenty:lavender":2,"minecraft:egg":3},"minecraft:killed_by":{"born_in_chaos_v1:baby_skeleton":1,"minecraft:player":1,"minecraft:skeleton":2,"minecraft:zombie":2},"minecraft:mined":{"minecraft:pink_petals":8,"minecraft:white_bed":1,"biomesoplenty:lavender":2,"minecraft:grass":110,"minecraft:grass_block":1,"minecraft:oak_log":15,"minecraft:dirt":1,"minecraft:tall_grass":28,"biomesoplenty:barley":10,"minecraft:oak_leaves":1},"minecraft:used":{"minecraft:wooden_axe":33,"minecraft:chicken":2,"minecraft:oak_planks":1,"minecraft:wooden_sword":152,"minecraft:dirt":1,"minecraft:mutton":8,"minecraft:beef":7,"minecraft:crafting_table":2,"minecraft:porkchop":6,"minecraft:egg":3},"minecraft:killed":{"minecraft:sheep":5,"minecraft:pig":3,"born_in_chaos_v1:zombie_lumberjack":1,"minecraft:chicken":3,"minecraft:cow":3,"born_in_chaos_v1:decrepit_skeleton":1},"minecraft:broken":{"minecraft:wooden_sword":2}},"DataVersion":3465}