{"stats":{"minecraft:crafted":{"minecraft:wooden_sword":2,"minecraft:oak_planks":116,"minecraft:birch_boat":1,"minecraft:furnace":1,"minecraft:glass":18,"travelersbackpack:white_sleeping_bag":1,"minecraft:iron_boots":1,"minecraft:stone_pickaxe":4,"minecraft:chest":1,"minecraft:cooked_porkchop":4,"minecraft:crafting_table":5,"travelersbackpack:backpack_tank":3,"travelersbackpack:standard":1,"minecraft:iron_helmet":1,"minecraft:iron_sword":2,"minecraft:stone_axe":1,"minecraft:iron_chestplate":1,"minecraft:shield":2,"minecraft:stick":36,"minecraft:iron_pickaxe":1,"minecraft:iron_ingot":59,"minecraft:wooden_axe":1,"minecraft:stone_sword":1,"minecraft:iron_leggings":1,"minecraft:white_bed":1,"minecraft:torch":36},"minecraft:picked_up":{"minecraft:wooden_axe":1,"minecraft:iron_chestplate":3,"minecraft:chicken":13,"born_in_chaos_v1:river_mint":7,"born_in_chaos_v1:bloody_gadfly_eye":1,"minecraft:shield":1,"minecraft:cornflower":4,"minecraft:string":6,"minecraft:iron_axe":1,"minecraft:iron_leggings":2,"minecraft:iron_shovel":1,"minecraft:beef":23,"minecraft:iron_pickaxe":3,"born_in_chaos_v1:stimulating_decoction":2,"minecraft:sugar_cane":30,"minecraft:iron_boots":2,"minecraft:egg":27,"minecraft:stick":21,"minecraft:raw_iron":59,"minecraft:torch":52,"minecraft:porkchop":23,"minecraft:diorite":68,"minecraft:stone_sword":4,"minecraft:arrow":2,"minecraft:rotten_flesh":36,"minecraft:tropical_fish":1,"minecraft:gold_ingot":1,"minecraft:mutton":40,"minecraft:white_wool":38,"minecraft:cobblestone":1148,"biomesoplenty:lavender":2,"minecraft:birch_log":2,"minecraft:pink_petals":27,"born_in_chaos_v1:corpse_maggot":10,"minecraft:feather":40,"minecraft:andesite":33,"minecraft:jungle_log":6,"minecraft:leather":13,"minecraft:potato":13,"minecraft:birch_planks":10,"minecraft:oak_log":50,"minecraft:dirt":515,"minecraft:bone":9,"minecraft:kelp":1,"minecraft:wheat_seeds":88,"minecraft:iron_ingot":46,"minecraft:stone_pickaxe":2,"minecraft:oak_planks":66,"minecraft:iron_sword":2,"minecraft:stone_hoe":1,"minecraft:birch_boat":2,"minecraft:pumpkin":1,"minecraft:dandelion":2,"minecraft:sand":21,"minecraft:white_bed":1,"minecraft:dark_oak_log":2,"minecraft:spider_eye":1,"minecraft:stone_axe":3,"minecraft:iron_helmet":2,"minecraft:granite":70,"minecraft:oak_sapling":9,"born_in_chaos_v1:rotten_fish":3,"minecraft:black_wool":2,"minecraft:coal":54,"minecraft:sunflower":4},"minecraft:killed":{"born_in_chaos_v1:zombie_lumberjack":2,"minecraft:spider":2,"born_in_chaos_v1:maggot":3,"minecraft:chicken":14,"minecraft:pig":12,"born_in_chaos_v1:decrepit_skeleton":2,"minecraft:sheep":22,"minecraft:zombie":3,"born_in_chaos_v1:corpse_fly":5,"minecraft:cow":9},"minecraft:broken":{"minecraft:stone_sword":1,"minecraft:stone_pickaxe":4,"minecraft:shield":1,"minecraft:wooden_sword":2,"minecraft:iron_sword":1},"minecraft:killed_by":{"minecraft:player":1,"born_in_chaos_v1:nightmare_stalker":1,"minecraft:spider":1,"born_in_chaos_v1:zombie_bruiser":1,"born_in_chaos_v1:baby_skeleton":1,"minecraft:skeleton":5,"minecraft:zombie":3},"minecraft:custom":{"minecraft:mob_kills":77,"minecraft:interact_with_crafting_table":36,"minecraft:damage_dealt_resisted":9,"minecraft:leave_game":1,"minecraft:time_since_death":55652,"minecraft:sprint_one_cm":582041,"minecraft:walk_one_cm":374987,"minecraft:damage_blocked_by_shield":3390,"minecraft:drop":77,"minecraft:play_time":221426,"minecraft:deaths":15,"minecraft:sneak_time":1855,"minecraft:walk_under_water_one_cm":7503,"minecraft:boat_one_cm":610951,"minecraft:jump":5323,"minecraft:walk_on_water_one_cm":42422,"minecraft:total_world_time":221426,"minecraft:interact_with_furnace":32,"minecraft:sleep_in_bed":1,"minecraft:time_since_rest":55693,"minecraft:damage_taken":5876,"minecraft:trigger_trapped_chest":1,"minecraft:damage_dealt":9667,"minecraft:swim_one_cm":27325,"minecraft:fly_one_cm":1273619,"minecraft:player_kills":4,"minecraft:open_chest":30,"minecraft:crouch_one_cm":4997,"minecraft:fall_one_cm":171480},"minecraft:used":{"minecraft:stone_sword":155,"minecraft:tropical_fish":1,"minecraft:shield":63,"minecraft:iron_sword":398,"minecraft:rotten_flesh":8,"minecraft:torch":17,"minecraft:dirt":61,"minecraft:mutton":35,"minecraft:carrot":3,"born_in_chaos_v1:corpse_maggot":10,"minecraft:wooden_axe":33,"minecraft:beef":13,"minecraft:furnace":1,"minecraft:egg":11,"minecraft:potato":29,"minecraft:pumpkin":1,"minecraft:wheat_seeds":16,"minecraft:stone_pickaxe":498,"minecraft:oak_planks":1,"minecraft:birch_boat":3,"minecraft:sand":1,"minecraft:crafting_table":5,"minecraft:white_bed":1,"minecraft:oak_log":2,"minecraft:apple":3,"minecraft:chicken":13,"minecraft:bread":5,"minecraft:iron_pickaxe":186,"minecraft:stone_axe":53,"minecraft:wooden_sword":152,"minecraft:cobblestone":134,"born_in_chaos_v1:rotten_fish":1,"travelersbackpack:standard":5,"minecraft:cooked_porkchop":4,"minecraft:porkchop":23,"minecraft:andesite":2,"minecraft:dandelion":1},"minecraft:dropped":{"minecraft:iron_ingot":8,"minecraft:birch_planks":1,"minecraft:wheat_seeds":12,"minecraft:feather":11,"minecraft:cobblestone":395,"minecraft:granite":42,"minecraft:dirt":386,"born_in_chaos_v1:river_mint":5,"minecraft:diorite":34,"minecraft:cornflower":3,"minecraft:sunflower":2,"travelersbackpack:backpack_tank":1,"minecraft:string":2,"minecraft:pink_petals":4,"minecraft:white_wool":13,"minecraft:bone":4,"minecraft:kelp":1,"minecraft:sugar_cane":10,"minecraft:stone_sword":1,"minecraft:rotten_flesh":6,"minecraft:andesite":31,"minecraft:jungle_log":2,"born_in_chaos_v1:bloody_gadfly_eye":1,"minecraft:oak_sapling":4,"minecraft:spider_eye":1,"minecraft:black_wool":1,"minecraft:egg":4},"minecraft:mined":{"minecraft:white_bed":1,"minecraft:spruce_trapdoor":1,"minecraft:granite":14,"biomesoplenty:bush":7,"minecraft:grass_block":13,"minecraft:spawner":3,"minecraft:iron_ore":59,"biomesoplenty:lavender":2,"minecraft:andesite":33,"minecraft:pumpkin":1,"minecraft:potatoes":1,"minecraft:red_tulip":1,"biomesoplenty:barley":20,"minecraft:stone":429,"minecraft:dandelion":2,"minecraft:cornflower":1,"minecraft:cobblestone":20,"minecraft:tall_grass":62,"biomesoplenty:sprout":3,"minecraft:diorite":17,"minecraft:wall_torch":5,"minecraft:pink_petals":10,"minecraft:wheat":15,"minecraft:spruce_log":1,"minecraft:orange_tulip":1,"minecraft:grass":300,"minecraft:coal_ore":54,"minecraft:oak_log":37,"minecraft:sunflower":2,"minecraft:sand":22,"minecraft:dirt":33,"minecraft:oak_leaves":20}},"DataVersion":3465}