{"stats":{"minecraft:crafted":{"minecraft:wooden_sword":2,"minecraft:oak_planks":56,"minecraft:crafting_table":3,"minecraft:stick":8,"minecraft:stone_pickaxe":1,"minecraft:wooden_axe":1,"minecraft:stone_sword":1},"minecraft:custom":{"minecraft:interact_with_furnace":1,"minecraft:mob_kills":19,"minecraft:interact_with_crafting_table":4,"minecraft:time_since_death":1460,"minecraft:time_since_rest":1488,"minecraft:sprint_one_cm":190078,"minecraft:damage_taken":3838,"minecraft:walk_one_cm":95783,"minecraft:damage_dealt":3219,"minecraft:swim_one_cm":7539,"minecraft:fly_one_cm":498989,"minecraft:player_kills":4,"minecraft:open_chest":7,"minecraft:crouch_one_cm":491,"minecraft:play_time":53834,"minecraft:deaths":12,"minecraft:sneak_time":244,"minecraft:walk_under_water_one_cm":2866,"minecraft:jump":2036,"minecraft:walk_on_water_one_cm":10746,"minecraft:total_world_time":53834,"minecraft:fall_one_cm":74619},"minecraft:picked_up":{"biomesoplenty:lavender":2,"minecraft:birch_log":2,"born_in_chaos_v1:corpse_maggot":3,"minecraft:pink_petals":15,"minecraft:feather":2,"minecraft:chicken":2,"minecraft:leather":5,"minecraft:oak_log":21,"born_in_chaos_v1:bloody_gadfly_eye":1,"minecraft:dirt":46,"minecraft:bone":3,"minecraft:wheat_seeds":29,"minecraft:beef":10,"minecraft:iron_ingot":1,"minecraft:stone_pickaxe":2,"minecraft:sugar_cane":10,"minecraft:oak_planks":32,"minecraft:egg":11,"minecraft:stick":5,"minecraft:dandelion":1,"minecraft:porkchop":6,"minecraft:white_bed":1,"minecraft:dark_oak_log":2,"minecraft:stone_sword":2,"minecraft:rotten_flesh":7,"born_in_chaos_v1:rotten_fish":1,"minecraft:oak_sapling":4,"minecraft:mutton":13,"minecraft:white_wool":7,"minecraft:cobblestone":49},"minecraft:killed_by":{"minecraft:player":1,"minecraft:skeleton":5,"minecraft:zombie":3,"born_in_chaos_v1:baby_skeleton":1},"minecraft:mined":{"minecraft:white_bed":1,"minecraft:dandelion":1,"biomesoplenty:bush":2,"minecraft:grass_block":8,"minecraft:tall_grass":50,"minecraft:pink_petals":8,"biomesoplenty:lavender":2,"minecraft:grass":211,"minecraft:oak_log":20,"minecraft:sunflower":1,"minecraft:dirt":12,"biomesoplenty:barley":20,"minecraft:stone":14,"minecraft:oak_leaves":3},"minecraft:used":{"minecraft:stone_sword":38,"minecraft:stone_pickaxe":49,"minecraft:oak_planks":1,"minecraft:dirt":19,"minecraft:mutton":13,"minecraft:crafting_table":3,"minecraft:oak_log":1,"minecraft:wooden_axe":33,"minecraft:chicken":2,"minecraft:wooden_sword":152,"minecraft:cobblestone":2,"minecraft:beef":10,"minecraft:porkchop":6,"minecraft:egg":3},"minecraft:killed":{"minecraft:pig":3,"born_in_chaos_v1:zombie_lumberjack":1,"born_in_chaos_v1:decrepit_skeleton":1,"minecraft:sheep":6,"minecraft:zombie":1,"minecraft:chicken":3,"minecraft:cow":4},"minecraft:broken":{"minecraft:wooden_sword":2}},"DataVersion":3465}