{"stats":{"minecraft:dropped":{"minecraft:wheat_seeds":1},"minecraft:picked_up":{"minecraft:wheat_seeds":1},"minecraft:mined":{"minecraft:tall_grass":2,"minecraft:grass":1},"minecraft:custom":{"minecraft:jump":76,"minecraft:time_since_rest":27,"minecraft:damage_dealt":56,"minecraft:crouch_one_cm":206,"minecraft:deaths":1,"minecraft:sprint_one_cm":4871,"minecraft:play_time":2719,"minecraft:damage_taken":295,"minecraft:time_since_death":0,"minecraft:walk_one_cm":4980,"minecraft:sneak_time":27,"minecraft:total_world_time":2719,"minecraft:drop":1,"minecraft:fall_one_cm":4005,"minecraft:fly_one_cm":10411}},"DataVersion":3465}