{"stats":{"minecraft:crafted":{"minecraft:oak_planks":104,"minecraft:crafting_table":6,"minecraft:wooden_pickaxe":1,"minecraft:baked_potato":3,"minecraft:furnace":2,"iceandfire:armor_copper_metal_leggings":1,"minecraft:copper_ingot":34,"iceandfire:armor_copper_metal_boots":1,"minecraft:bread":7,"minecraft:cooked_mutton":16,"minecraft:air":0,"iceandfire:armor_copper_metal_helmet":1,"minecraft:oak_boat":3,"minecraft:shield":1,"minecraft:iron_axe":1,"minecraft:stick":20,"minecraft:iron_ingot":2,"minecraft:iron_pickaxe":1,"minecraft:stone_pickaxe":3,"minecraft:wooden_axe":1,"minecraft:gold_ingot":21,"minecraft:torch":24},"minecraft:picked_up":{"minecraft:wooden_axe":1,"minecraft:crafting_table":6,"minecraft:leather_chestplate":1,"minecraft:andesite":9,"minecraft:wooden_pickaxe":1,"minecraft:potato":8,"minecraft:oak_log":36,"minecraft:shield":1,"minecraft:gunpowder":5,"iceandfire:armor_copper_metal_helmet":1,"iceandfire:manuscript":10,"minecraft:dirt":21,"minecraft:raw_copper":95,"minecraft:iron_axe":1,"minecraft:cooked_mutton":19,"minecraft:experience_bottle":2,"minecraft:bone":8,"minecraft:kelp":1,"minecraft:gold_nugget":203,"minecraft:iron_ingot":5,"minecraft:stone_pickaxe":2,"minecraft:mossy_stone_bricks":1,"minecraft:iron_pickaxe":1,"minecraft:oak_planks":37,"minecraft:sugar_cane":4,"minecraft:chest":3,"minecraft:furnace":1,"iceandfire:armor_copper_metal_leggings":1,"minecraft:chiseled_stone_bricks":1,"minecraft:copper_ingot":20,"minecraft:torch":16,"minecraft:dandelion":1,"minecraft:gravel":2,"minecraft:diorite":26,"iceandfire:armor_copper_metal_boots":1,"minecraft:tnt":1,"minecraft:arrow":2,"minecraft:shears":1,"minecraft:granite":27,"minecraft:bread":1,"minecraft:gold_ingot":21,"minecraft:emerald":2,"minecraft:baked_potato":3,"minecraft:mutton":16,"minecraft:coal":77,"minecraft:white_wool":18,"minecraft:cobblestone":242},"minecraft:killed":{"iceandfire:ghost":1},"minecraft:broken":{"minecraft:stone_pickaxe":1},"minecraft:killed_by":{"born_in_chaos_v1:corpse_fish":1,"minecraft:drowned":1},"minecraft:custom":{"minecraft:interact_with_furnace":20,"minecraft:mob_kills":1,"minecraft:interact_with_crafting_table":19,"minecraft:leave_game":1,"minecraft:time_since_death":3010,"minecraft:climb_one_cm":24529,"minecraft:time_since_rest":3038,"minecraft:sprint_one_cm":61167,"minecraft:damage_taken":769,"minecraft:walk_one_cm":71084,"minecraft:trigger_trapped_chest":2,"minecraft:drop":4,"minecraft:damage_dealt":482,"minecraft:swim_one_cm":93350,"minecraft:fly_one_cm":151928,"minecraft:open_chest":10,"minecraft:crouch_one_cm":730,"minecraft:play_time":68671,"minecraft:deaths":2,"minecraft:sneak_time":362,"minecraft:walk_under_water_one_cm":7430,"minecraft:boat_one_cm":279402,"minecraft:jump":772,"minecraft:walk_on_water_one_cm":15887,"minecraft:total_world_time":68671,"minecraft:fall_one_cm":17643},"minecraft:dropped":{"minecraft:dirt":2,"minecraft:torch":1,"minecraft:andesite":3},"minecraft:used":{"minecraft:mossy_stone_bricks":1,"minecraft:stone_pickaxe":228,"minecraft:chest":1,"minecraft:leather_chestplate":1,"minecraft:wooden_pickaxe":42,"minecraft:torch":13,"minecraft:dirt":10,"minecraft:crafting_table":10,"minecraft:wooden_axe":28,"minecraft:iron_axe":11,"minecraft:bread":6,"minecraft:iron_pickaxe":2,"minecraft:gravel":2,"minecraft:cobblestone":9,"minecraft:furnace":3,"minecraft:oak_boat":3},"minecraft:mined":{"iceandfire:graveyard_soil":1,"minecraft:dandelion":1,"minecraft:crafting_table":5,"minecraft:granite":19,"minecraft:grass_block":10,"minecraft:chest":2,"minecraft:copper_ore":14,"minecraft:sugar_cane":2,"minecraft:wall_torch":2,"minecraft:diorite":25,"minecraft:chiseled_stone_bricks":1,"minecraft:furnace":2,"minecraft:andesite":3,"biomesoplenty:maple_leaves":3,"minecraft:grass":6,"minecraft:oak_log":32,"minecraft:coal_ore":37,"iceandfire:gold_pile":21,"minecraft:iron_bars":1,"minecraft:gravel":3,"minecraft:dirt":26,"minecraft:stone":140,"minecraft:mossy_stone_bricks":2,"minecraft:fern":2}},"DataVersion":3465}