{"stats":{"minecraft:crafted":{"minecraft:oak_planks":80,"minecraft:crafting_table":4,"minecraft:wooden_pickaxe":1,"minecraft:baked_potato":3,"minecraft:furnace":2,"iceandfire:armor_copper_metal_leggings":1,"minecraft:copper_ingot":8,"minecraft:bread":7,"minecraft:cooked_mutton":16,"minecraft:air":0,"minecraft:oak_boat":1,"minecraft:shield":1,"minecraft:iron_axe":1,"minecraft:stick":16,"minecraft:iron_ingot":2,"minecraft:iron_pickaxe":1,"minecraft:stone_pickaxe":3,"minecraft:wooden_axe":1,"minecraft:gold_ingot":21,"minecraft:torch":8},"minecraft:picked_up":{"minecraft:crafting_table":4,"minecraft:andesite":9,"minecraft:oak_log":25,"minecraft:dirt":21,"minecraft:raw_copper":55,"minecraft:cooked_mutton":1,"minecraft:bone":2,"minecraft:gold_nugget":196,"minecraft:mossy_stone_bricks":1,"minecraft:sugar_cane":2,"minecraft:chest":2,"minecraft:furnace":1,"minecraft:chiseled_stone_bricks":1,"minecraft:dandelion":1,"minecraft:gravel":2,"minecraft:diorite":25,"minecraft:arrow":1,"minecraft:granite":11,"minecraft:mutton":16,"minecraft:coal":54,"minecraft:white_wool":9,"minecraft:cobblestone":99},"minecraft:broken":{"minecraft:stone_pickaxe":1},"minecraft:custom":{"minecraft:interact_with_furnace":14,"minecraft:interact_with_crafting_table":14,"minecraft:leave_game":1,"minecraft:time_since_death":50671,"minecraft:climb_one_cm":24086,"minecraft:time_since_rest":50671,"minecraft:sprint_one_cm":36887,"minecraft:damage_taken":204,"minecraft:walk_one_cm":50958,"minecraft:drop":3,"minecraft:damage_dealt":130,"minecraft:swim_one_cm":59503,"minecraft:fly_one_cm":72574,"minecraft:open_chest":9,"minecraft:crouch_one_cm":730,"minecraft:play_time":50671,"minecraft:sneak_time":360,"minecraft:walk_under_water_one_cm":4743,"minecraft:boat_one_cm":122265,"minecraft:jump":411,"minecraft:walk_on_water_one_cm":12412,"minecraft:total_world_time":50671,"minecraft:fall_one_cm":8434},"minecraft:dropped":{"minecraft:dirt":2,"minecraft:andesite":3},"minecraft:used":{"minecraft:mossy_stone_bricks":1,"minecraft:stone_pickaxe":177,"minecraft:chest":1,"minecraft:leather_chestplate":1,"minecraft:wooden_pickaxe":42,"minecraft:torch":8,"minecraft:dirt":10,"minecraft:crafting_table":8,"minecraft:wooden_axe":28,"minecraft:iron_axe":4,"minecraft:bread":6,"minecraft:iron_pickaxe":2,"minecraft:gravel":2,"minecraft:cobblestone":9,"minecraft:furnace":3,"minecraft:oak_boat":1},"minecraft:mined":{"minecraft:dandelion":1,"minecraft:crafting_table":4,"minecraft:granite":11,"minecraft:grass_block":4,"minecraft:chest":2,"minecraft:copper_ore":14,"minecraft:sugar_cane":2,"minecraft:diorite":25,"minecraft:chiseled_stone_bricks":1,"minecraft:furnace":1,"minecraft:andesite":3,"biomesoplenty:maple_leaves":3,"minecraft:grass":5,"minecraft:oak_log":26,"minecraft:coal_ore":37,"iceandfire:gold_pile":21,"minecraft:gravel":2,"minecraft:dirt":17,"minecraft:stone":101,"minecraft:mossy_stone_bricks":1}},"DataVersion":3465}