{"stats":{"minecraft:crafted":{"minecraft:oak_planks":116,"minecraft:crafting_table":8,"minecraft:wooden_pickaxe":1,"minecraft:baked_potato":3,"minecraft:furnace":3,"iceandfire:armor_copper_metal_leggings":1,"minecraft:copper_ingot":34,"iceandfire:armor_copper_metal_boots":1,"minecraft:bread":9,"minecraft:cooked_mutton":16,"minecraft:air":0,"iceandfire:armor_copper_metal_helmet":1,"minecraft:oak_boat":4,"minecraft:leather":2,"minecraft:iron_chestplate":1,"minecraft:shield":1,"minecraft:iron_axe":1,"minecraft:stick":20,"minecraft:iron_ingot":2,"minecraft:iron_pickaxe":1,"minecraft:stone_pickaxe":3,"minecraft:wooden_axe":1,"minecraft:iron_leggings":1,"minecraft:gold_ingot":21,"minecraft:torch":24},"minecraft:picked_up":{"minecraft:wooden_axe":3,"minecraft:crafting_table":8,"minecraft:leather_chestplate":4,"born_in_chaos_v1:monster_flesh":1,"minecraft:andesite":9,"minecraft:wooden_pickaxe":1,"minecraft:potato":24,"minecraft:oak_log":49,"minecraft:shield":3,"minecraft:gunpowder":15,"iceandfire:armor_copper_metal_helmet":1,"minecraft:string":2,"iceandfire:manuscript":30,"minecraft:dirt":21,"minecraft:raw_copper":135,"minecraft:iron_axe":3,"born_in_chaos_v1:monster_skin":1,"minecraft:cooked_mutton":55,"minecraft:experience_bottle":6,"minecraft:bone":17,"travelersbackpack:backpack_tank":1,"minecraft:kelp":3,"minecraft:wheat_seeds":1,"minecraft:gold_nugget":217,"minecraft:iron_ingot":15,"minecraft:stone_pickaxe":6,"born_in_chaos_v1:gnawed_bones":1,"minecraft:iron_nugget":2,"minecraft:mossy_stone_bricks":1,"minecraft:iron_pickaxe":3,"minecraft:oak_planks":120,"minecraft:sugar_cane":15,"minecraft:chest":5,"minecraft:furnace":1,"born_in_chaos_v1:shattered_skull":1,"minecraft:pumpkin":1,"iceandfire:armor_copper_metal_leggings":4,"minecraft:chiseled_stone_bricks":1,"minecraft:copper_ingot":20,"minecraft:porkchop":8,"minecraft:torch":42,"minecraft:dandelion":1,"minecraft:gravel":2,"minecraft:diorite":46,"iceandfire:armor_copper_metal_boots":3,"minecraft:spider_eye":1,"minecraft:tnt":3,"minecraft:arrow":4,"minecraft:shears":3,"minecraft:granite":43,"minecraft:warped_roots":2,"minecraft:bread":3,"minecraft:gold_ingot":63,"minecraft:emerald":6,"minecraft:baked_potato":8,"minecraft:mutton":16,"minecraft:coal":123,"minecraft:white_wool":36,"minecraft:cobblestone":370},"minecraft:killed":{"minecraft:pig":3,"minecraft:spider":1,"born_in_chaos_v1:decrepit_skeleton":1,"iceandfire:ghost":2},"minecraft:broken":{"minecraft:stone_pickaxe":1},"minecraft:killed_by":{"born_in_chaos_v1:corpse_fish":1,"minecraft:drowned":1,"iceandfire:sea_serpent":1},"minecraft:custom":{"minecraft:interact_with_furnace":23,"minecraft:mob_kills":7,"minecraft:interact_with_crafting_table":23,"minecraft:open_barrel":15,"minecraft:leave_game":1,"minecraft:time_since_death":17514,"minecraft:climb_one_cm":24529,"minecraft:time_since_rest":17590,"minecraft:sprint_one_cm":83414,"minecraft:damage_taken":1097,"minecraft:walk_one_cm":117046,"minecraft:trigger_trapped_chest":2,"minecraft:drop":16,"minecraft:damage_dealt":1212,"minecraft:swim_one_cm":94881,"minecraft:fly_one_cm":195339,"minecraft:open_chest":18,"minecraft:crouch_one_cm":955,"minecraft:play_time":92671,"minecraft:deaths":3,"minecraft:sneak_time":420,"minecraft:walk_under_water_one_cm":7467,"minecraft:boat_one_cm":657215,"minecraft:jump":958,"minecraft:walk_on_water_one_cm":16961,"minecraft:total_world_time":92671,"minecraft:fall_one_cm":23228},"minecraft:dropped":{"minecraft:kelp":2,"minecraft:wheat_seeds":1,"minecraft:iron_nugget":1,"minecraft:warped_roots":1,"minecraft:leather_chestplate":1,"minecraft:dirt":2,"minecraft:diorite":1,"minecraft:torch":1,"minecraft:andesite":3,"iceandfire:armor_copper_metal_leggings":1,"minecraft:white_wool":3,"minecraft:gold_ingot":1},"minecraft:used":{"minecraft:mossy_stone_bricks":1,"minecraft:stone_pickaxe":228,"minecraft:baked_potato":3,"minecraft:chest":1,"minecraft:leather_chestplate":1,"minecraft:wooden_pickaxe":42,"minecraft:torch":17,"minecraft:dirt":10,"minecraft:crafting_table":13,"minecraft:wooden_axe":28,"minecraft:iron_axe":26,"minecraft:bread":6,"minecraft:iron_pickaxe":2,"minecraft:gravel":2,"minecraft:cobblestone":9,"minecraft:furnace":4,"minecraft:oak_boat":4},"minecraft:mined":{"iceandfire:graveyard_soil":1,"minecraft:dandelion":1,"minecraft:crafting_table":5,"minecraft:granite":19,"minecraft:grass_block":10,"minecraft:chest":2,"minecraft:copper_ore":14,"minecraft:sugar_cane":2,"minecraft:wall_torch":2,"minecraft:diorite":25,"minecraft:chiseled_stone_bricks":1,"minecraft:furnace":2,"minecraft:sweet_berry_bush":3,"minecraft:andesite":3,"biomesoplenty:maple_leaves":3,"minecraft:grass":7,"minecraft:oak_log":35,"minecraft:coal_ore":37,"iceandfire:gold_pile":21,"minecraft:iron_bars":1,"minecraft:gravel":3,"minecraft:dirt":26,"minecraft:stone":140,"minecraft:mossy_stone_bricks":2,"minecraft:oak_leaves":4,"minecraft:fern":4}},"DataVersion":3465}