{"stats":{"minecraft:crafted":{"minecraft:oak_boat":1,"minecraft:oak_planks":12,"minecraft:crafting_table":1},"minecraft:picked_up":{"minecraft:arrow":1,"minecraft:bone":2,"minecraft:oak_log":4,"minecraft:sugar_cane":2,"minecraft:dirt":5},"minecraft:custom":{"minecraft:time_since_rest":14671,"minecraft:open_chest":2,"minecraft:crouch_one_cm":24,"minecraft:sprint_one_cm":14509,"minecraft:play_time":14671,"minecraft:damage_taken":160,"minecraft:walk_one_cm":8201,"minecraft:sneak_time":77,"minecraft:walk_under_water_one_cm":4743,"minecraft:drop":2,"minecraft:boat_one_cm":81045,"minecraft:jump":132,"minecraft:damage_dealt":40,"minecraft:leave_game":1,"minecraft:time_since_death":14671,"minecraft:walk_on_water_one_cm":11169,"minecraft:total_world_time":14671,"minecraft:swim_one_cm":59503,"minecraft:interact_with_crafting_table":1,"minecraft:fall_one_cm":3460,"minecraft:fly_one_cm":33626},"minecraft:used":{"minecraft:dirt":3,"minecraft:crafting_table":1,"minecraft:oak_boat":1,"minecraft:leather_chestplate":1},"minecraft:dropped":{"minecraft:dirt":2},"minecraft:mined":{"minecraft:grass":5,"minecraft:grass_block":2,"minecraft:oak_log":4,"minecraft:dirt":3,"minecraft:sugar_cane":2}},"DataVersion":3465}