{"stats":{"minecraft:crafted":{"minecraft:oak_planks":116,"minecraft:crafting_table":7,"minecraft:wooden_pickaxe":1,"minecraft:baked_potato":3,"minecraft:furnace":2,"iceandfire:armor_copper_metal_leggings":1,"minecraft:copper_ingot":34,"iceandfire:armor_copper_metal_boots":1,"minecraft:bread":7,"minecraft:cooked_mutton":16,"minecraft:air":0,"iceandfire:armor_copper_metal_helmet":1,"minecraft:oak_boat":4,"minecraft:shield":1,"minecraft:iron_axe":1,"minecraft:stick":20,"minecraft:iron_ingot":2,"minecraft:iron_pickaxe":1,"minecraft:stone_pickaxe":3,"minecraft:wooden_axe":1,"minecraft:gold_ingot":21,"minecraft:torch":24},"minecraft:picked_up":{"minecraft:wooden_axe":3,"minecraft:crafting_table":8,"minecraft:leather_chestplate":3,"minecraft:andesite":9,"minecraft:wooden_pickaxe":1,"minecraft:potato":24,"minecraft:oak_log":49,"minecraft:shield":3,"minecraft:gunpowder":15,"iceandfire:armor_copper_metal_helmet":1,"iceandfire:manuscript":30,"minecraft:dirt":21,"minecraft:raw_copper":135,"minecraft:iron_axe":3,"minecraft:cooked_mutton":55,"minecraft:experience_bottle":6,"minecraft:bone":16,"minecraft:kelp":1,"minecraft:gold_nugget":217,"minecraft:iron_ingot":15,"minecraft:stone_pickaxe":6,"minecraft:iron_nugget":2,"minecraft:mossy_stone_bricks":1,"minecraft:iron_pickaxe":3,"minecraft:oak_planks":120,"minecraft:sugar_cane":8,"minecraft:chest":5,"minecraft:furnace":1,"iceandfire:armor_copper_metal_leggings":3,"minecraft:chiseled_stone_bricks":1,"minecraft:copper_ingot":20,"minecraft:torch":42,"minecraft:dandelion":1,"minecraft:gravel":2,"minecraft:diorite":28,"iceandfire:armor_copper_metal_boots":3,"minecraft:tnt":3,"minecraft:arrow":4,"minecraft:shears":3,"minecraft:granite":43,"minecraft:bread":3,"minecraft:gold_ingot":63,"minecraft:emerald":6,"minecraft:baked_potato":8,"minecraft:mutton":16,"minecraft:coal":123,"minecraft:white_wool":36,"minecraft:cobblestone":370},"minecraft:killed":{"iceandfire:ghost":2},"minecraft:broken":{"minecraft:stone_pickaxe":1},"minecraft:killed_by":{"born_in_chaos_v1:corpse_fish":1,"minecraft:drowned":1,"iceandfire:sea_serpent":1},"minecraft:custom":{"minecraft:interact_with_furnace":21,"minecraft:mob_kills":2,"minecraft:interact_with_crafting_table":20,"minecraft:leave_game":1,"minecraft:time_since_death":5514,"minecraft:climb_one_cm":24529,"minecraft:time_since_rest":5590,"minecraft:sprint_one_cm":67047,"minecraft:damage_taken":1075,"minecraft:walk_one_cm":72966,"minecraft:trigger_trapped_chest":2,"minecraft:drop":4,"minecraft:damage_dealt":669,"minecraft:swim_one_cm":94881,"minecraft:fly_one_cm":171382,"minecraft:open_chest":10,"minecraft:crouch_one_cm":730,"minecraft:play_time":80671,"minecraft:deaths":3,"minecraft:sneak_time":362,"minecraft:walk_under_water_one_cm":7467,"minecraft:boat_one_cm":644525,"minecraft:jump":830,"minecraft:walk_on_water_one_cm":16961,"minecraft:total_world_time":80671,"minecraft:fall_one_cm":19849},"minecraft:dropped":{"minecraft:dirt":2,"minecraft:torch":1,"minecraft:andesite":3},"minecraft:used":{"minecraft:mossy_stone_bricks":1,"minecraft:stone_pickaxe":228,"minecraft:baked_potato":1,"minecraft:chest":1,"minecraft:leather_chestplate":1,"minecraft:wooden_pickaxe":42,"minecraft:torch":13,"minecraft:dirt":10,"minecraft:crafting_table":11,"minecraft:wooden_axe":28,"minecraft:iron_axe":14,"minecraft:bread":6,"minecraft:iron_pickaxe":2,"minecraft:gravel":2,"minecraft:cobblestone":9,"minecraft:furnace":3,"minecraft:oak_boat":4},"minecraft:mined":{"iceandfire:graveyard_soil":1,"minecraft:dandelion":1,"minecraft:crafting_table":5,"minecraft:granite":19,"minecraft:grass_block":10,"minecraft:chest":2,"minecraft:copper_ore":14,"minecraft:sugar_cane":2,"minecraft:wall_torch":2,"minecraft:diorite":25,"minecraft:chiseled_stone_bricks":1,"minecraft:furnace":2,"minecraft:andesite":3,"biomesoplenty:maple_leaves":3,"minecraft:grass":7,"minecraft:oak_log":35,"minecraft:coal_ore":37,"iceandfire:gold_pile":21,"minecraft:iron_bars":1,"minecraft:gravel":3,"minecraft:dirt":26,"minecraft:stone":140,"minecraft:mossy_stone_bricks":2,"minecraft:fern":2}},"DataVersion":3465}