{"stats":{"minecraft:crafted":{"minecraft:oak_boat":1,"minecraft:oak_planks":80,"minecraft:shield":1,"minecraft:iron_axe":1,"minecraft:crafting_table":3,"minecraft:stick":12,"minecraft:iron_pickaxe":1,"minecraft:iron_ingot":2,"minecraft:wooden_pickaxe":1,"minecraft:stone_pickaxe":1,"minecraft:wooden_axe":1,"minecraft:gold_ingot":21,"minecraft:torch":8,"minecraft:bread":7},"minecraft:picked_up":{"minecraft:crafting_table":3,"minecraft:andesite":3,"minecraft:chiseled_stone_bricks":1,"minecraft:dandelion":1,"minecraft:gravel":2,"minecraft:oak_log":25,"minecraft:dirt":12,"minecraft:cooked_mutton":1,"minecraft:bone":2,"minecraft:arrow":1,"minecraft:gold_nugget":196,"minecraft:mossy_stone_bricks":1,"minecraft:sugar_cane":2,"minecraft:chest":2,"minecraft:mutton":16,"minecraft:coal":37,"minecraft:white_wool":9,"minecraft:cobblestone":34},"minecraft:custom":{"minecraft:time_since_rest":38671,"minecraft:sprint_one_cm":32710,"minecraft:damage_taken":204,"minecraft:walk_one_cm":38406,"minecraft:drop":2,"minecraft:damage_dealt":130,"minecraft:interact_with_crafting_table":10,"minecraft:swim_one_cm":59503,"minecraft:fly_one_cm":63266,"minecraft:open_chest":7,"minecraft:crouch_one_cm":730,"minecraft:play_time":38671,"minecraft:sneak_time":341,"minecraft:walk_under_water_one_cm":4743,"minecraft:boat_one_cm":122265,"minecraft:jump":304,"minecraft:leave_game":1,"minecraft:walk_on_water_one_cm":12412,"minecraft:time_since_death":38671,"minecraft:climb_one_cm":24086,"minecraft:total_world_time":38671,"minecraft:fall_one_cm":7180},"minecraft:used":{"minecraft:wooden_axe":27,"minecraft:iron_axe":4,"minecraft:bread":4,"minecraft:stone_pickaxe":54,"minecraft:iron_pickaxe":2,"minecraft:wooden_pickaxe":42,"minecraft:leather_chestplate":1,"minecraft:gravel":1,"minecraft:torch":1,"minecraft:dirt":10,"minecraft:cobblestone":9,"minecraft:crafting_table":6,"minecraft:oak_boat":1},"minecraft:dropped":{"minecraft:dirt":2},"minecraft:mined":{"minecraft:andesite":3,"biomesoplenty:maple_leaves":3,"minecraft:dandelion":1,"minecraft:crafting_table":3,"minecraft:grass":5,"minecraft:coal_ore":37,"minecraft:grass_block":4,"minecraft:oak_log":26,"iceandfire:gold_pile":21,"minecraft:chest":2,"minecraft:gravel":2,"minecraft:dirt":8,"minecraft:stone":34,"minecraft:sugar_cane":2,"minecraft:mossy_stone_bricks":1,"minecraft:chiseled_stone_bricks":1}},"DataVersion":3465}