{"stats":{"minecraft:picked_up":{"minecraft:rotten_flesh":1,"duneons:swamplog":1,"minecraft:wheat_seeds":1,"minecraft:acacia_log":1,"minecraft:packed_mud":1,"duneons:wood_stronghold":2},"minecraft:killed_by":{"born_in_chaos_v1:baby_skeleton":1},"minecraft:mined":{"duneons:swampdirt":2,"minecraft:grass":1,"minecraft:acacia_log":1,"duneons:swamplog":1,"minecraft:tall_grass":1,"duneons:wood_stronghold":2},"minecraft:custom":{"minecraft:time_since_rest":8078,"minecraft:crouch_one_cm":175,"minecraft:play_time":8342,"minecraft:sprint_one_cm":13009,"minecraft:walk_one_cm":16036,"minecraft:damage_taken":435,"minecraft:deaths":1,"minecraft:sneak_time":63,"minecraft:walk_under_water_one_cm":113,"minecraft:jump":147,"minecraft:damage_dealt":50,"minecraft:time_since_death":7990,"minecraft:walk_on_water_one_cm":1171,"minecraft:total_world_time":8342,"minecraft:swim_one_cm":4164,"minecraft:fall_one_cm":4209,"minecraft:fly_one_cm":33157}},"DataVersion":3465}