{"stats":{"minecraft:crafted":{"minecraft:oak_boat":1,"minecraft:oak_planks":12,"minecraft:crafting_table":1},"minecraft:picked_up":{"minecraft:bone":2,"minecraft:oak_log":3,"minecraft:dirt":4},"minecraft:custom":{"minecraft:time_since_rest":10699,"minecraft:open_chest":2,"minecraft:crouch_one_cm":24,"minecraft:sprint_one_cm":7422,"minecraft:play_time":10699,"minecraft:damage_taken":160,"minecraft:walk_one_cm":4028,"minecraft:sneak_time":77,"minecraft:walk_under_water_one_cm":4127,"minecraft:boat_one_cm":66735,"minecraft:jump":66,"minecraft:leave_game":1,"minecraft:walk_on_water_one_cm":7147,"minecraft:time_since_death":10699,"minecraft:total_world_time":10699,"minecraft:swim_one_cm":46951,"minecraft:interact_with_crafting_table":1,"minecraft:fall_one_cm":1579,"minecraft:fly_one_cm":17134},"minecraft:used":{"minecraft:dirt":2,"minecraft:crafting_table":1,"minecraft:oak_boat":1,"minecraft:leather_chestplate":1},"minecraft:mined":{"minecraft:grass":5,"minecraft:grass_block":1,"minecraft:oak_log":3,"minecraft:dirt":3}},"DataVersion":3465}