{"stats":{"minecraft:crafted":{"minecraft:oak_boat":1,"minecraft:oak_planks":32,"minecraft:crafting_table":2,"minecraft:stick":8,"minecraft:wooden_pickaxe":1,"minecraft:stone_pickaxe":1,"minecraft:wooden_axe":1,"minecraft:torch":8,"minecraft:bread":7},"minecraft:picked_up":{"minecraft:crafting_table":1,"minecraft:andesite":2,"minecraft:dandelion":1,"minecraft:oak_log":20,"minecraft:dirt":8,"minecraft:bone":2,"minecraft:arrow":1,"minecraft:sugar_cane":2,"minecraft:coal":28,"minecraft:cobblestone":20},"minecraft:custom":{"minecraft:time_since_rest":26671,"minecraft:sprint_one_cm":23477,"minecraft:damage_taken":160,"minecraft:walk_one_cm":17214,"minecraft:drop":2,"minecraft:damage_dealt":40,"minecraft:interact_with_crafting_table":5,"minecraft:swim_one_cm":59503,"minecraft:fly_one_cm":51606,"minecraft:open_chest":2,"minecraft:crouch_one_cm":574,"minecraft:play_time":26671,"minecraft:sneak_time":313,"minecraft:walk_under_water_one_cm":4743,"minecraft:boat_one_cm":122265,"minecraft:jump":214,"minecraft:leave_game":1,"minecraft:walk_on_water_one_cm":11169,"minecraft:time_since_death":26671,"minecraft:total_world_time":26671,"minecraft:fall_one_cm":5134},"minecraft:used":{"minecraft:wooden_axe":14,"minecraft:bread":3,"minecraft:stone_pickaxe":29,"minecraft:wooden_pickaxe":21,"minecraft:leather_chestplate":1,"minecraft:torch":1,"minecraft:dirt":4,"minecraft:crafting_table":3,"minecraft:oak_boat":1},"minecraft:dropped":{"minecraft:dirt":2},"minecraft:mined":{"minecraft:andesite":2,"minecraft:dandelion":1,"minecraft:crafting_table":1,"minecraft:grass":5,"minecraft:coal_ore":28,"minecraft:grass_block":3,"minecraft:oak_log":21,"minecraft:dirt":5,"minecraft:stone":20,"minecraft:sugar_cane":2}},"DataVersion":3465}