{"stats":{"minecraft:crafted":{"minecraft:oak_door":3,"minecraft:oak_planks":80,"minecraft:crafting_table":2},"minecraft:picked_up":{"minecraft:stick":1,"minecraft:oak_door":2,"minecraft:wither_rose":2,"minecraft:oak_log":20,"minecraft:wheat_seeds":4,"minecraft:oak_sapling":1,"minecraft:black_wool":1,"minecraft:mutton":4,"minecraft:skeleton_skull":1,"minecraft:white_wool":2,"minecraft:egg":2},"minecraft:custom":{"minecraft:time_since_rest":4522,"minecraft:sprint_one_cm":68404,"minecraft:damage_taken":1040,"minecraft:walk_one_cm":35827,"minecraft:mob_kills":3,"minecraft:drop":5,"minecraft:damage_dealt":587,"minecraft:swim_one_cm":13239,"minecraft:interact_with_crafting_table":1,"minecraft:fly_one_cm":202028,"minecraft:player_kills":1,"minecraft:crouch_one_cm":132,"minecraft:play_time":21495,"minecraft:deaths":4,"minecraft:sneak_time":149,"minecraft:walk_under_water_one_cm":5262,"minecraft:jump":752,"minecraft:leave_game":4,"minecraft:walk_on_water_one_cm":4924,"minecraft:time_since_death":4496,"minecraft:total_world_time":21495,"minecraft:fall_one_cm":27376},"minecraft:killed_by":{"born_in_chaos_v1:zombie_clown":1,"minecraft:player":1,"minecraft:skeleton":1},"minecraft:mined":{"minecraft:skeleton_skull":1,"minecraft:oak_door":2,"minecraft:wither_rose":2,"minecraft:grass":36,"biomesoplenty:bush":4,"minecraft:oak_log":20,"minecraft:tall_grass":8,"minecraft:sugar_cane":2,"minecraft:oak_leaves":2},"minecraft:used":{"minecraft:oak_door":2,"minecraft:mutton":2,"minecraft:crafting_table":2,"minecraft:wither_rose":2,"minecraft:egg":2},"minecraft:dropped":{"minecraft:wheat_seeds":4,"minecraft:black_wool":1},"minecraft:killed":{"minecraft:sheep":3}},"DataVersion":3465}