{"stats":{"minecraft:crafted":{"minecraft:oak_planks":24},"minecraft:picked_up":{"minecraft:oak_log":6,"minecraft:oak_sapling":1},"minecraft:custom":{"minecraft:jump":28,"minecraft:time_since_rest":3908,"minecraft:leave_game":2,"minecraft:play_time":3908,"minecraft:sprint_one_cm":5177,"minecraft:time_since_death":3908,"minecraft:walk_one_cm":3036,"minecraft:total_world_time":3908,"minecraft:fall_one_cm":836,"minecraft:fly_one_cm":6549},"minecraft:mined":{"minecraft:tall_grass":1,"minecraft:grass":3,"minecraft:oak_log":6,"minecraft:oak_leaves":1}},"DataVersion":3465}