{"stats":{"minecraft:crafted":{"minecraft:oak_planks":24},"minecraft:picked_up":{"minecraft:wheat_seeds":3,"minecraft:oak_log":6,"minecraft:oak_sapling":1},"minecraft:custom":{"minecraft:time_since_rest":532,"minecraft:deaths":2,"minecraft:sprint_one_cm":29107,"minecraft:play_time":8536,"minecraft:damage_taken":519,"minecraft:walk_one_cm":6709,"minecraft:sneak_time":83,"minecraft:walk_under_water_one_cm":2462,"minecraft:drop":3,"minecraft:jump":264,"minecraft:damage_dealt":157,"minecraft:leave_game":2,"minecraft:time_since_death":503,"minecraft:walk_on_water_one_cm":2625,"minecraft:total_world_time":8536,"minecraft:swim_one_cm":2567,"minecraft:fall_one_cm":8282,"minecraft:fly_one_cm":82318,"minecraft:player_kills":1},"minecraft:killed_by":{"minecraft:skeleton":1,"born_in_chaos_v1:zombie_clown":1},"minecraft:mined":{"minecraft:grass":15,"biomesoplenty:bush":1,"minecraft:oak_log":6,"minecraft:tall_grass":4,"minecraft:sugar_cane":2,"minecraft:oak_leaves":1},"minecraft:dropped":{"minecraft:wheat_seeds":3}},"DataVersion":3465}