{"stats":{"minecraft:crafted":{"minecraft:wooden_sword":1,"minecraft:oak_planks":20,"minecraft:cooked_porkchop":5,"minecraft:crafting_table":2,"minecraft:stick":4,"minecraft:cooked_chicken":1,"minecraft:wooden_pickaxe":1,"minecraft:furnace":1,"minecraft:air":0},"minecraft:picked_up":{"born_in_chaos_v1:corpse_maggot":1,"minecraft:stick":2,"minecraft:chicken":1,"minecraft:cooked_porkchop":1,"minecraft:leather":3,"minecraft:porkchop":15,"minecraft:oak_log":5,"minecraft:barrel":1,"minecraft:dirt":13,"minecraft:rotten_flesh":1,"minecraft:tropical_fish":1,"minecraft:wheat_seeds":2,"minecraft:beef":5,"minecraft:ender_pearl":2,"born_in_chaos_v1:rotten_fish":1,"minecraft:egg":1,"minecraft:sugar_cane":10,"minecraft:mutton":7,"minecraft:oak_planks":2,"minecraft:white_wool":5,"minecraft:cobblestone":70,"minecraft:furnace":1},"minecraft:custom":{"minecraft:time_since_rest":3281,"minecraft:interact_with_furnace":12,"minecraft:sprint_one_cm":75205,"minecraft:damage_taken":1071,"minecraft:walk_one_cm":72378,"minecraft:mob_kills":21,"minecraft:drop":4,"minecraft:damage_dealt":2841,"minecraft:swim_one_cm":21738,"minecraft:interact_with_crafting_table":3,"minecraft:fly_one_cm":194157,"minecraft:crouch_one_cm":5457,"minecraft:play_time":44468,"minecraft:deaths":1,"minecraft:sneak_time":1941,"minecraft:walk_under_water_one_cm":1492,"minecraft:jump":1017,"minecraft:leave_game":1,"minecraft:time_since_death":3249,"minecraft:walk_on_water_one_cm":2880,"minecraft:total_world_time":44468,"minecraft:fall_one_cm":27193},"minecraft:killed_by":{"minecraft:skeleton":1},"minecraft:mined":{"minecraft:furnace":1,"minecraft:grass":14,"minecraft:grass_block":1,"minecraft:oak_log":5,"minecraft:dirt":11,"minecraft:tall_grass":3,"minecraft:stone":45,"minecraft:sugar_cane":4,"minecraft:oak_leaves":4},"minecraft:used":{"born_in_chaos_v1:corpse_maggot":1,"minecraft:tropical_fish":1,"minecraft:wooden_pickaxe":50,"minecraft:cooked_chicken":1,"minecraft:white_wool":2,"minecraft:wooden_sword":64,"minecraft:dirt":9,"minecraft:cobblestone":35,"minecraft:crafting_table":2,"minecraft:furnace":2,"minecraft:cooked_porkchop":6},"minecraft:dropped":{"minecraft:mutton":4,"minecraft:cobblestone":2,"minecraft:stick":1},"minecraft:killed":{"born_in_chaos_v1:barrel_zombie":1,"minecraft:sheep":4,"minecraft:zombie":2,"minecraft:pig":7,"minecraft:chicken":1,"minecraft:enderman":1,"minecraft:cow":3,"born_in_chaos_v1:maggot":2},"minecraft:broken":{"minecraft:wooden_sword":1}},"DataVersion":3465}