{"stats":{"minecraft:crafted":{"minecraft:wooden_sword":1,"minecraft:oak_planks":20,"minecraft:cooked_porkchop":1,"minecraft:crafting_table":2,"minecraft:stick":4,"minecraft:cooked_chicken":1,"minecraft:wooden_pickaxe":1,"minecraft:furnace":1,"minecraft:air":0},"minecraft:picked_up":{"born_in_chaos_v1:corpse_maggot":1,"minecraft:chicken":1,"minecraft:cooked_porkchop":1,"minecraft:leather":3,"minecraft:porkchop":15,"minecraft:oak_log":5,"minecraft:barrel":1,"minecraft:dirt":7,"minecraft:rotten_flesh":1,"minecraft:tropical_fish":1,"minecraft:wheat_seeds":2,"minecraft:beef":5,"born_in_chaos_v1:rotten_fish":1,"minecraft:egg":1,"minecraft:sugar_cane":10,"minecraft:mutton":7,"minecraft:oak_planks":2,"minecraft:white_wool":4,"minecraft:cobblestone":32,"minecraft:furnace":1},"minecraft:custom":{"minecraft:time_since_rest":29887,"minecraft:interact_with_furnace":6,"minecraft:sprint_one_cm":39432,"minecraft:damage_taken":196,"minecraft:walk_one_cm":41623,"minecraft:mob_kills":18,"minecraft:damage_dealt":1936,"minecraft:swim_one_cm":21738,"minecraft:interact_with_crafting_table":3,"minecraft:fly_one_cm":111239,"minecraft:crouch_one_cm":2738,"minecraft:play_time":29887,"minecraft:sneak_time":1076,"minecraft:walk_under_water_one_cm":1492,"minecraft:jump":592,"minecraft:time_since_death":29887,"minecraft:walk_on_water_one_cm":2667,"minecraft:total_world_time":29887,"minecraft:fall_one_cm":18641},"minecraft:mined":{"minecraft:furnace":1,"minecraft:grass":14,"minecraft:grass_block":1,"minecraft:oak_log":5,"minecraft:dirt":6,"minecraft:tall_grass":1,"minecraft:stone":22,"minecraft:sugar_cane":4},"minecraft:used":{"minecraft:tropical_fish":1,"minecraft:wooden_pickaxe":26,"minecraft:cooked_chicken":1,"minecraft:white_wool":1,"minecraft:wooden_sword":46,"minecraft:dirt":4,"minecraft:cobblestone":10,"minecraft:crafting_table":2,"minecraft:furnace":1,"minecraft:cooked_porkchop":2},"minecraft:killed":{"born_in_chaos_v1:barrel_zombie":1,"minecraft:sheep":4,"minecraft:pig":7,"minecraft:chicken":1,"minecraft:cow":3,"born_in_chaos_v1:maggot":2}},"DataVersion":3465}