{"stats":{"minecraft:crafted":{"minecraft:wooden_sword":1,"minecraft:oak_planks":20,"minecraft:crafting_table":2,"minecraft:stick":4,"minecraft:wooden_pickaxe":1},"minecraft:picked_up":{"minecraft:chicken":1,"minecraft:wheat_seeds":2,"minecraft:porkchop":7,"minecraft:oak_log":5,"minecraft:sugar_cane":10,"minecraft:mutton":5,"minecraft:white_wool":3,"minecraft:dirt":4,"minecraft:cobblestone":10},"minecraft:custom":{"minecraft:time_since_rest":17887,"minecraft:crouch_one_cm":1155,"minecraft:play_time":17887,"minecraft:interact_with_furnace":1,"minecraft:sprint_one_cm":18172,"minecraft:damage_taken":136,"minecraft:walk_one_cm":25273,"minecraft:sneak_time":749,"minecraft:walk_under_water_one_cm":53,"minecraft:mob_kills":9,"minecraft:jump":290,"minecraft:damage_dealt":943,"minecraft:walk_on_water_one_cm":291,"minecraft:time_since_death":17887,"minecraft:total_world_time":17887,"minecraft:interact_with_crafting_table":2,"minecraft:swim_one_cm":1985,"minecraft:fall_one_cm":8488,"minecraft:fly_one_cm":51810},"minecraft:mined":{"minecraft:grass":10,"minecraft:oak_log":5,"minecraft:dirt":4,"minecraft:tall_grass":1,"minecraft:sugar_cane":4},"minecraft:used":{"minecraft:wooden_sword":15,"minecraft:dirt":4,"minecraft:cobblestone":10,"minecraft:crafting_table":2},"minecraft:killed":{"minecraft:sheep":3,"minecraft:pig":5,"minecraft:chicken":1}},"DataVersion":3465}