{"stats":{"minecraft:picked_up":{"minecraft:chicken":1,"minecraft:wheat_seeds":2,"minecraft:oak_log":2,"minecraft:sugar_cane":10,"minecraft:mutton":2,"minecraft:white_wool":1,"minecraft:dirt":2,"minecraft:cobblestone":10},"minecraft:custom":{"minecraft:time_since_rest":5887,"minecraft:crouch_one_cm":1155,"minecraft:play_time":5887,"minecraft:interact_with_furnace":1,"minecraft:sprint_one_cm":18172,"minecraft:damage_taken":136,"minecraft:walk_one_cm":14005,"minecraft:sneak_time":747,"minecraft:walk_under_water_one_cm":53,"minecraft:mob_kills":2,"minecraft:jump":237,"minecraft:damage_dealt":328,"minecraft:walk_on_water_one_cm":291,"minecraft:time_since_death":5887,"minecraft:total_world_time":5887,"minecraft:swim_one_cm":1985,"minecraft:fall_one_cm":7652,"minecraft:fly_one_cm":51621},"minecraft:mined":{"minecraft:grass":9,"minecraft:oak_log":2,"minecraft:dirt":2,"minecraft:tall_grass":1,"minecraft:sugar_cane":4},"minecraft:used":{"minecraft:dirt":2,"minecraft:cobblestone":10},"minecraft:killed":{"minecraft:sheep":1,"minecraft:chicken":1}},"DataVersion":3465}