{"stats":{"minecraft:dropped":{"minecraft:wheat_seeds":3},"minecraft:picked_up":{"minecraft:coarse_dirt":19,"minecraft:bone":5,"minecraft:wheat_seeds":3,"duneons:swampdirt":1,"minecraft:dirt":7,"duneons:wood_stronghold":2},"minecraft:killed_by":{"minecraft:creeper":2,"duneons:mountaineer":1},"minecraft:used":{"minecraft:dirt":5,"minecraft:coarse_dirt":18},"minecraft:mined":{"duneons:swampdirt":1,"minecraft:grass":1,"minecraft:grass_block":5,"minecraft:coarse_dirt":8,"minecraft:tall_grass":4,"duneons:wood_stronghold":2,"minecraft:moss_carpet":2,"minecraft:oak_leaves":3,"minecraft:fern":1},"minecraft:custom":{"minecraft:time_since_rest":4645,"minecraft:crouch_one_cm":109,"minecraft:play_time":10071,"minecraft:sprint_one_cm":34661,"minecraft:deaths":4,"minecraft:damage_taken":1360,"minecraft:walk_one_cm":22260,"minecraft:sneak_time":107,"minecraft:walk_under_water_one_cm":651,"minecraft:drop":2,"minecraft:jump":390,"minecraft:damage_dealt":138,"minecraft:time_since_death":4613,"minecraft:walk_on_water_one_cm":1041,"minecraft:total_world_time":10071,"minecraft:swim_one_cm":5690,"minecraft:fall_one_cm":13131,"minecraft:fly_one_cm":78632}},"DataVersion":3465}