{"stats":{"minecraft:dropped":{"minecraft:wheat_seeds":1,"minecraft:oak_sapling":1},"minecraft:used":{"minecraft:wooden_axe":7,"minecraft:chicken":1,"minecraft:stone_pickaxe":1,"minecraft:wooden_pickaxe":22,"minecraft:stone_axe":1,"minecraft:beef":1,"minecraft:crafting_table":3,"minecraft:furnace":1,"minecraft:egg":1,"minecraft:cooked_beef":2},"minecraft:killed":{"minecraft:sheep":1,"minecraft:chicken":3,"minecraft:cow":1},"minecraft:crafted":{"minecraft:cooked_beef":2,"minecraft:cherry_planks":12,"minecraft:oak_planks":20,"minecraft:crafting_table":3,"minecraft:stick":12,"minecraft:wooden_pickaxe":1,"minecraft:stone_pickaxe":1,"minecraft:wooden_axe":1,"minecraft:stone_sword":1,"minecraft:furnace":1,"minecraft:stone_axe":1,"minecraft:air":0},"minecraft:killed_by":{"born_in_chaos_v1:supreme_bonescaller":1},"minecraft:mined":{"minecraft:furnace":1,"minecraft:cherry_log":3,"minecraft:crafting_table":2,"minecraft:grass":11,"biomesoplenty:bush":2,"minecraft:coal_ore":1,"minecraft:grass_block":1,"minecraft:oak_log":5,"minecraft:dirt":1,"biomesoplenty:barley":1,"minecraft:stone":17,"minecraft:oak_leaves":13},"minecraft:picked_up":{"minecraft:crafting_table":2,"minecraft:feather":5,"minecraft:chicken":3,"minecraft:leather":1,"minecraft:oak_log":5,"minecraft:cherry_log":3,"minecraft:wheat_seeds":1,"minecraft:beef":3,"minecraft:furnace":1,"minecraft:oak_sapling":1,"minecraft:coal":1,"minecraft:mutton":1,"minecraft:cobblestone":16,"minecraft:white_wool":1,"minecraft:egg":1},"minecraft:custom":{"minecraft:time_since_rest":8942,"minecraft:interact_with_furnace":3,"minecraft:sprint_one_cm":38172,"minecraft:damage_taken":395,"minecraft:walk_one_cm":23336,"minecraft:mob_kills":5,"minecraft:drop":2,"minecraft:damage_dealt":493,"minecraft:interact_with_crafting_table":5,"minecraft:fly_one_cm":109068,"minecraft:player_kills":1,"minecraft:crouch_one_cm":3422,"minecraft:play_time":14423,"minecraft:deaths":1,"minecraft:sneak_time":1215,"minecraft:jump":647,"minecraft:leave_game":1,"minecraft:time_since_death":8907,"minecraft:total_world_time":14423,"minecraft:fall_one_cm":19729,"minecraft:horse_one_cm":162}},"DataVersion":3465}