{"stats":{"minecraft:dropped":{"minecraft:wheat_seeds":3},"minecraft:picked_up":{"minecraft:crafting_table":2,"minecraft:bone":1,"minecraft:stone_axe":1,"minecraft:wheat_seeds":3,"minecraft:oak_log":3,"minecraft:cobblestone":13},"minecraft:killed_by":{"minecraft:skeleton":1},"minecraft:used":{"minecraft:stone_axe":1,"minecraft:crafting_table":2,"minecraft:wooden_pickaxe":13},"minecraft:crafted":{"minecraft:stone_sword":1,"minecraft:oak_planks":12,"minecraft:stone_axe":1,"minecraft:crafting_table":1,"minecraft:stick":8,"minecraft:wooden_pickaxe":1,"minecraft:stone_pickaxe":1},"minecraft:custom":{"minecraft:time_since_rest":5344,"minecraft:crouch_one_cm":2099,"minecraft:walk_one_cm":6937,"minecraft:play_time":6678,"minecraft:sprint_one_cm":16705,"minecraft:damage_taken":345,"minecraft:deaths":1,"minecraft:sneak_time":594,"minecraft:walk_under_water_one_cm":1659,"minecraft:drop":3,"minecraft:jump":240,"minecraft:damage_dealt":6,"minecraft:leave_game":1,"minecraft:time_since_death":5314,"minecraft:walk_on_water_one_cm":1058,"minecraft:total_world_time":6678,"minecraft:swim_one_cm":3137,"minecraft:interact_with_crafting_table":2,"minecraft:fall_one_cm":8232,"minecraft:fly_one_cm":59534},"minecraft:mined":{"minecraft:acacia_leaves":1,"minecraft:grass":11,"minecraft:grass_block":1,"minecraft:oak_log":3,"minecraft:stone":13,"minecraft:crafting_table":2}},"DataVersion":3465}