{"stats":{"minecraft:crafted":{"minecraft:cooked_beef":7,"minecraft:cherry_planks":12,"minecraft:oak_planks":144,"minecraft:crafting_table":4,"minecraft:wooden_pickaxe":2,"minecraft:furnace":3,"minecraft:stone_axe":2,"minecraft:air":0,"minecraft:oak_boat":1,"minecraft:shield":1,"minecraft:stick":20,"minecraft:iron_ingot":3,"minecraft:stone_pickaxe":2,"minecraft:wooden_axe":1,"minecraft:stone_sword":1,"minecraft:iron_leggings":1,"minecraft:acacia_planks":4,"minecraft:torch":8},"minecraft:custom":{"minecraft:interact_with_furnace":12,"minecraft:mob_kills":14,"minecraft:interact_with_crafting_table":20,"minecraft:leave_game":5,"minecraft:time_since_death":30948,"minecraft:sleep_in_bed":1,"minecraft:climb_one_cm":328,"minecraft:time_since_rest":1179,"minecraft:sprint_one_cm":126761,"minecraft:damage_taken":955,"minecraft:walk_one_cm":86203,"minecraft:drop":14,"minecraft:damage_dealt":1360,"minecraft:talked_to_villager":1,"minecraft:swim_one_cm":16646,"minecraft:fly_one_cm":297527,"minecraft:player_kills":1,"minecraft:open_chest":10,"minecraft:crouch_one_cm":10857,"minecraft:play_time":55206,"minecraft:deaths":3,"minecraft:sneak_time":3913,"minecraft:walk_under_water_one_cm":1329,"minecraft:boat_one_cm":199021,"minecraft:jump":2128,"minecraft:walk_on_water_one_cm":3262,"minecraft:total_world_time":55206,"minecraft:fall_one_cm":44378,"minecraft:horse_one_cm":162},"minecraft:picked_up":{"minecraft:crafting_table":4,"minecraft:feather":5,"minecraft:cooked_beef":5,"minecraft:chicken":3,"minecraft:leather":11,"minecraft:acacia_wood":2,"minecraft:potato":2,"minecraft:wither_rose":1,"minecraft:oak_log":36,"minecraft:dirt":4,"iceandfire:graveyard_soil":2,"iceandfire:bestiary":1,"minecraft:wheat_seeds":6,"minecraft:gold_nugget":18,"minecraft:iron_ingot":5,"minecraft:beef":13,"minecraft:sugar_cane":10,"minecraft:chest":1,"minecraft:oak_planks":1,"minecraft:egg":1,"minecraft:furnace":3,"minecraft:book":12,"minecraft:raw_iron":8,"iceandfire:copper_nugget":14,"iceandfire:podium_spruce":3,"minecraft:gravel":8,"minecraft:cherry_log":3,"minecraft:white_bed":1,"minecraft:carrot":1,"minecraft:beetroot_seeds":1,"born_in_chaos_v1:wood_splitter_axe":1,"minecraft:gray_wool":1,"minecraft:oak_sapling":3,"minecraft:mutton":6,"minecraft:coal":12,"minecraft:white_wool":4,"iceandfire:raw_silver":2,"minecraft:cobblestone":123},"minecraft:killed_by":{"born_in_chaos_v1:supreme_bonescaller":1,"iceandfire:ghost":1,"born_in_chaos_v1:dread_hound":1},"minecraft:mined":{"minecraft:white_bed":1,"iceandfire:graveyard_soil":2,"iceandfire:silver_ore":2,"iceandfire:copper_pile":2,"minecraft:cherry_log":3,"minecraft:crafting_table":4,"biomesoplenty:bush":15,"minecraft:grass_block":8,"minecraft:chest":1,"minecraft:tall_grass":4,"minecraft:cobblestone":5,"minecraft:sugar_cane":8,"minecraft:oak_planks":1,"minecraft:furnace":3,"minecraft:carrots":3,"minecraft:iron_ore":8,"minecraft:wheat":5,"minecraft:acacia_wood":2,"minecraft:andesite":1,"minecraft:wither_rose":1,"minecraft:grass":18,"minecraft:bookshelf":4,"minecraft:oak_log":36,"minecraft:potatoes":1,"minecraft:coal_ore":8,"iceandfire:gold_pile":3,"minecraft:beetroots":2,"minecraft:gravel":1,"minecraft:dirt":1,"biomesoplenty:barley":1,"minecraft:stone":120,"iceandfire:podium_spruce":1,"minecraft:oak_leaves":34},"minecraft:used":{"minecraft:stone_pickaxe":132,"minecraft:oak_planks":76,"minecraft:chest":1,"minecraft:wooden_pickaxe":25,"minecraft:torch":2,"minecraft:dirt":3,"minecraft:mutton":1,"minecraft:crafting_table":6,"minecraft:carrot":2,"minecraft:white_bed":1,"minecraft:wooden_axe":7,"minecraft:chicken":1,"minecraft:bread":1,"iceandfire:graveyard_soil":2,"minecraft:stone_axe":73,"minecraft:cobblestone":63,"minecraft:beef":1,"minecraft:furnace":5,"minecraft:oak_boat":1,"minecraft:egg":1,"minecraft:cooked_beef":5,"minecraft:potato":2,"minecraft:iron_leggings":1},"minecraft:dropped":{"minecraft:gravel":4,"born_in_chaos_v1:wood_splitter_axe":1,"minecraft:wheat_seeds":2,"minecraft:leather":3,"minecraft:gray_wool":1,"iceandfire:podium_spruce":2,"minecraft:oak_sapling":1},"minecraft:killed":{"minecraft:sheep":4,"minecraft:chicken":3,"minecraft:cow":7}},"DataVersion":3465}