{"stats":{"minecraft:crafted":{"minecraft:cooked_beef":7,"minecraft:cherry_planks":12,"minecraft:oak_planks":120,"minecraft:crafting_table":4,"minecraft:wooden_pickaxe":2,"minecraft:furnace":3,"minecraft:stone_axe":2,"minecraft:air":0,"minecraft:oak_boat":1,"minecraft:shield":1,"minecraft:stick":20,"minecraft:iron_ingot":3,"minecraft:stone_pickaxe":2,"minecraft:wooden_axe":1,"minecraft:stone_sword":1,"minecraft:acacia_planks":4},"minecraft:custom":{"minecraft:interact_with_furnace":12,"minecraft:mob_kills":14,"minecraft:interact_with_crafting_table":15,"minecraft:leave_game":5,"minecraft:time_since_death":19613,"minecraft:climb_one_cm":328,"minecraft:time_since_rest":19643,"minecraft:sprint_one_cm":99876,"minecraft:damage_taken":905,"minecraft:walk_one_cm":62315,"minecraft:drop":8,"minecraft:damage_dealt":1360,"minecraft:swim_one_cm":5861,"minecraft:fly_one_cm":239572,"minecraft:player_kills":1,"minecraft:crouch_one_cm":9523,"minecraft:play_time":43871,"minecraft:deaths":3,"minecraft:sneak_time":3324,"minecraft:walk_under_water_one_cm":803,"minecraft:boat_one_cm":199021,"minecraft:jump":1316,"minecraft:walk_on_water_one_cm":2579,"minecraft:total_world_time":43871,"minecraft:fall_one_cm":34879,"minecraft:horse_one_cm":162},"minecraft:picked_up":{"minecraft:crafting_table":3,"minecraft:feather":5,"minecraft:chicken":3,"minecraft:leather":11,"minecraft:acacia_wood":2,"minecraft:potato":1,"minecraft:wither_rose":1,"minecraft:oak_log":30,"minecraft:dirt":3,"iceandfire:graveyard_soil":2,"minecraft:wheat_seeds":6,"minecraft:beef":13,"minecraft:sugar_cane":10,"minecraft:oak_planks":1,"minecraft:egg":1,"minecraft:furnace":1,"minecraft:raw_iron":8,"minecraft:cherry_log":3,"minecraft:carrot":1,"minecraft:beetroot_seeds":1,"born_in_chaos_v1:wood_splitter_axe":1,"minecraft:gray_wool":1,"minecraft:oak_sapling":3,"minecraft:mutton":6,"minecraft:coal":8,"iceandfire:raw_silver":2,"minecraft:white_wool":4,"minecraft:cobblestone":97},"minecraft:killed_by":{"born_in_chaos_v1:supreme_bonescaller":1,"iceandfire:ghost":1,"born_in_chaos_v1:dread_hound":1},"minecraft:mined":{"iceandfire:graveyard_soil":2,"iceandfire:silver_ore":2,"minecraft:cherry_log":3,"minecraft:crafting_table":3,"biomesoplenty:bush":11,"minecraft:grass_block":4,"minecraft:cobblestone":2,"minecraft:tall_grass":4,"minecraft:sugar_cane":8,"minecraft:oak_planks":1,"minecraft:furnace":1,"minecraft:carrots":3,"minecraft:iron_ore":8,"minecraft:wheat":5,"minecraft:acacia_wood":2,"minecraft:andesite":1,"minecraft:wither_rose":1,"minecraft:grass":17,"minecraft:oak_log":30,"minecraft:potatoes":1,"minecraft:coal_ore":8,"minecraft:beetroots":2,"minecraft:dirt":1,"biomesoplenty:barley":1,"minecraft:stone":96,"minecraft:oak_leaves":22},"minecraft:used":{"minecraft:stone_pickaxe":98,"minecraft:oak_planks":76,"minecraft:wooden_pickaxe":25,"minecraft:dirt":3,"minecraft:mutton":1,"minecraft:crafting_table":5,"minecraft:carrot":2,"minecraft:wooden_axe":7,"minecraft:chicken":1,"iceandfire:graveyard_soil":2,"minecraft:stone_axe":44,"minecraft:cobblestone":59,"minecraft:beef":1,"minecraft:furnace":3,"minecraft:oak_boat":1,"minecraft:egg":1,"minecraft:potato":2,"minecraft:cooked_beef":4},"minecraft:dropped":{"born_in_chaos_v1:wood_splitter_axe":1,"minecraft:wheat_seeds":2,"minecraft:leather":3,"minecraft:gray_wool":1,"minecraft:oak_sapling":1},"minecraft:killed":{"minecraft:sheep":4,"minecraft:chicken":3,"minecraft:cow":7}},"DataVersion":3465}