{"stats":{"minecraft:crafted":{"minecraft:cooked_beef":2,"minecraft:cherry_planks":12,"minecraft:oak_planks":20,"minecraft:crafting_table":3,"minecraft:stick":12,"minecraft:wooden_pickaxe":1,"minecraft:stone_pickaxe":1,"minecraft:wooden_axe":1,"minecraft:stone_sword":1,"minecraft:furnace":1,"minecraft:stone_axe":1,"minecraft:air":0},"minecraft:picked_up":{"minecraft:crafting_table":2,"minecraft:feather":5,"minecraft:chicken":3,"minecraft:leather":1,"minecraft:wither_rose":1,"minecraft:oak_log":5,"minecraft:cherry_log":3,"iceandfire:graveyard_soil":2,"minecraft:wheat_seeds":1,"minecraft:beef":3,"minecraft:oak_sapling":1,"minecraft:mutton":1,"minecraft:coal":1,"minecraft:cobblestone":16,"minecraft:white_wool":1,"minecraft:furnace":1,"minecraft:egg":1},"minecraft:custom":{"minecraft:time_since_rest":10445,"minecraft:interact_with_furnace":3,"minecraft:sprint_one_cm":39983,"minecraft:damage_taken":395,"minecraft:walk_one_cm":24841,"minecraft:mob_kills":5,"minecraft:drop":2,"minecraft:damage_dealt":493,"minecraft:interact_with_crafting_table":5,"minecraft:fly_one_cm":111490,"minecraft:player_kills":1,"minecraft:crouch_one_cm":3422,"minecraft:play_time":15926,"minecraft:deaths":1,"minecraft:sneak_time":1215,"minecraft:jump":674,"minecraft:leave_game":2,"minecraft:time_since_death":10410,"minecraft:climb_one_cm":328,"minecraft:total_world_time":15926,"minecraft:fall_one_cm":19938,"minecraft:horse_one_cm":162},"minecraft:killed_by":{"born_in_chaos_v1:supreme_bonescaller":1},"minecraft:mined":{"iceandfire:graveyard_soil":2,"minecraft:furnace":1,"minecraft:cherry_log":3,"minecraft:wither_rose":1,"minecraft:crafting_table":2,"minecraft:grass":11,"biomesoplenty:bush":2,"minecraft:grass_block":1,"minecraft:oak_log":5,"minecraft:coal_ore":1,"minecraft:dirt":1,"biomesoplenty:barley":1,"minecraft:stone":17,"minecraft:oak_leaves":13},"minecraft:used":{"minecraft:wooden_axe":7,"minecraft:chicken":1,"minecraft:stone_pickaxe":1,"iceandfire:graveyard_soil":2,"minecraft:wooden_pickaxe":22,"minecraft:stone_axe":1,"minecraft:beef":1,"minecraft:crafting_table":3,"minecraft:furnace":1,"minecraft:egg":1,"minecraft:cooked_beef":2},"minecraft:dropped":{"minecraft:wheat_seeds":1,"minecraft:oak_sapling":1},"minecraft:killed":{"minecraft:sheep":1,"minecraft:chicken":3,"minecraft:cow":1}},"DataVersion":3465}