{"stats":{"minecraft:crafted":{"minecraft:cooked_beef":2,"minecraft:cherry_planks":12,"minecraft:oak_planks":32,"minecraft:crafting_table":3,"minecraft:wooden_pickaxe":1,"minecraft:furnace":1,"minecraft:stone_axe":1,"minecraft:air":0,"minecraft:stick":12,"minecraft:stone_pickaxe":1,"minecraft:wooden_axe":1,"minecraft:stone_sword":1},"minecraft:custom":{"minecraft:interact_with_furnace":3,"minecraft:mob_kills":5,"minecraft:interact_with_crafting_table":5,"minecraft:leave_game":4,"minecraft:time_since_death":4848,"minecraft:climb_one_cm":328,"minecraft:time_since_rest":4909,"minecraft:sprint_one_cm":61921,"minecraft:damage_taken":700,"minecraft:walk_one_cm":28314,"minecraft:drop":8,"minecraft:damage_dealt":493,"minecraft:fly_one_cm":170683,"minecraft:player_kills":1,"minecraft:crouch_one_cm":3573,"minecraft:play_time":21334,"minecraft:deaths":2,"minecraft:sneak_time":1258,"minecraft:jump":902,"minecraft:total_world_time":21334,"minecraft:fall_one_cm":27024,"minecraft:horse_one_cm":162},"minecraft:picked_up":{"minecraft:crafting_table":2,"minecraft:feather":5,"minecraft:chicken":3,"minecraft:leather":4,"minecraft:potato":1,"minecraft:wither_rose":1,"minecraft:oak_log":8,"iceandfire:graveyard_soil":2,"minecraft:wheat_seeds":6,"minecraft:beef":3,"minecraft:egg":1,"minecraft:furnace":1,"minecraft:cherry_log":3,"minecraft:carrot":1,"minecraft:beetroot_seeds":1,"born_in_chaos_v1:wood_splitter_axe":1,"minecraft:gray_wool":1,"minecraft:oak_sapling":1,"minecraft:mutton":2,"minecraft:coal":1,"minecraft:white_wool":1,"minecraft:cobblestone":16},"minecraft:killed_by":{"born_in_chaos_v1:supreme_bonescaller":1,"iceandfire:ghost":1},"minecraft:mined":{"iceandfire:graveyard_soil":2,"minecraft:cherry_log":3,"minecraft:crafting_table":2,"biomesoplenty:bush":2,"minecraft:grass_block":1,"minecraft:tall_grass":4,"minecraft:furnace":1,"minecraft:carrots":3,"minecraft:wheat":5,"minecraft:wither_rose":1,"minecraft:grass":15,"minecraft:coal_ore":1,"minecraft:potatoes":1,"minecraft:oak_log":8,"minecraft:beetroots":2,"minecraft:dirt":1,"biomesoplenty:barley":1,"minecraft:stone":17,"minecraft:oak_leaves":13},"minecraft:used":{"minecraft:stone_pickaxe":1,"minecraft:wooden_pickaxe":22,"minecraft:crafting_table":3,"minecraft:carrot":2,"minecraft:wooden_axe":7,"minecraft:chicken":1,"iceandfire:graveyard_soil":2,"minecraft:stone_axe":1,"minecraft:beef":1,"minecraft:furnace":1,"minecraft:egg":1,"minecraft:cooked_beef":2},"minecraft:dropped":{"born_in_chaos_v1:wood_splitter_axe":1,"minecraft:wheat_seeds":2,"minecraft:leather":3,"minecraft:gray_wool":1,"minecraft:oak_sapling":1},"minecraft:killed":{"minecraft:sheep":1,"minecraft:chicken":3,"minecraft:cow":1}},"DataVersion":3465}