{"stats":{"minecraft:crafted":{"minecraft:cooked_beef":2,"minecraft:cherry_planks":12,"minecraft:oak_planks":52,"minecraft:crafting_table":4,"minecraft:wooden_pickaxe":2,"minecraft:furnace":1,"minecraft:stone_axe":1,"minecraft:air":0,"minecraft:oak_boat":1,"minecraft:stick":16,"minecraft:stone_pickaxe":2,"minecraft:wooden_axe":1,"minecraft:stone_sword":1,"minecraft:acacia_planks":4},"minecraft:custom":{"minecraft:interact_with_furnace":5,"minecraft:mob_kills":5,"minecraft:interact_with_crafting_table":9,"minecraft:leave_game":4,"minecraft:time_since_death":6992,"minecraft:climb_one_cm":328,"minecraft:time_since_rest":7022,"minecraft:sprint_one_cm":69320,"minecraft:damage_taken":895,"minecraft:walk_one_cm":32427,"minecraft:drop":8,"minecraft:damage_dealt":520,"minecraft:fly_one_cm":194365,"minecraft:player_kills":1,"minecraft:crouch_one_cm":4766,"minecraft:play_time":31250,"minecraft:deaths":3,"minecraft:sneak_time":1828,"minecraft:boat_one_cm":199021,"minecraft:jump":997,"minecraft:walk_on_water_one_cm":137,"minecraft:total_world_time":31250,"minecraft:fall_one_cm":29532,"minecraft:horse_one_cm":162},"minecraft:picked_up":{"minecraft:crafting_table":2,"minecraft:feather":5,"minecraft:chicken":3,"minecraft:leather":4,"minecraft:acacia_wood":2,"minecraft:potato":1,"minecraft:wither_rose":1,"minecraft:oak_log":13,"iceandfire:graveyard_soil":2,"minecraft:wheat_seeds":6,"minecraft:beef":3,"minecraft:oak_planks":1,"minecraft:egg":1,"minecraft:furnace":1,"minecraft:cherry_log":3,"minecraft:carrot":1,"minecraft:beetroot_seeds":1,"born_in_chaos_v1:wood_splitter_axe":1,"minecraft:gray_wool":1,"minecraft:oak_sapling":1,"minecraft:mutton":2,"minecraft:coal":1,"minecraft:white_wool":1,"minecraft:cobblestone":21},"minecraft:killed_by":{"born_in_chaos_v1:supreme_bonescaller":1,"iceandfire:ghost":1,"born_in_chaos_v1:dread_hound":1},"minecraft:mined":{"iceandfire:graveyard_soil":2,"minecraft:cherry_log":3,"minecraft:crafting_table":2,"biomesoplenty:bush":2,"minecraft:grass_block":1,"minecraft:tall_grass":4,"minecraft:oak_planks":1,"minecraft:furnace":1,"minecraft:carrots":3,"minecraft:wheat":5,"minecraft:acacia_wood":2,"minecraft:wither_rose":1,"minecraft:grass":16,"minecraft:oak_log":13,"minecraft:potatoes":1,"minecraft:coal_ore":1,"minecraft:beetroots":2,"minecraft:dirt":1,"biomesoplenty:barley":1,"minecraft:stone":22,"minecraft:oak_leaves":15},"minecraft:used":{"minecraft:stone_pickaxe":3,"minecraft:oak_planks":10,"minecraft:wooden_pickaxe":25,"minecraft:mutton":1,"minecraft:crafting_table":4,"minecraft:carrot":2,"minecraft:wooden_axe":7,"minecraft:chicken":1,"iceandfire:graveyard_soil":2,"minecraft:stone_axe":1,"minecraft:beef":1,"minecraft:furnace":1,"minecraft:oak_boat":1,"minecraft:egg":1,"minecraft:potato":2,"minecraft:cooked_beef":2},"minecraft:dropped":{"born_in_chaos_v1:wood_splitter_axe":1,"minecraft:wheat_seeds":2,"minecraft:leather":3,"minecraft:gray_wool":1,"minecraft:oak_sapling":1},"minecraft:killed":{"minecraft:sheep":1,"minecraft:chicken":3,"minecraft:cow":1}},"DataVersion":3465}