{"stats":{"minecraft:crafted":{"minecraft:oak_planks":24,"minecraft:crafting_table":1,"minecraft:stick":12,"minecraft:iron_ingot":6,"minecraft:wooden_pickaxe":1,"minecraft:iron_pickaxe":1,"minecraft:stone_pickaxe":1,"minecraft:stone_sword":1,"minecraft:furnace":1,"minecraft:stone_axe":1},"minecraft:picked_up":{"minecraft:pink_petals":4,"minecraft:crafting_table":1,"minecraft:raw_iron":6,"minecraft:oak_log":10,"minecraft:dirt":18,"minecraft:rotten_flesh":1,"minecraft:mutton":1,"minecraft:coal":32,"minecraft:white_wool":1,"minecraft:cobblestone":26,"minecraft:furnace":1},"minecraft:custom":{"minecraft:time_since_rest":26536,"minecraft:interact_with_furnace":3,"minecraft:sprint_one_cm":31679,"minecraft:damage_taken":1858,"minecraft:walk_one_cm":61368,"minecraft:mob_kills":1,"minecraft:drop":5,"minecraft:damage_dealt":90,"minecraft:interact_with_crafting_table":7,"minecraft:fly_one_cm":45923,"minecraft:crouch_one_cm":506,"minecraft:play_time":45042,"minecraft:deaths":7,"minecraft:sneak_time":9914,"minecraft:walk_under_water_one_cm":4587,"minecraft:jump":345,"minecraft:leave_game":2,"minecraft:time_since_death":26307,"minecraft:walk_on_water_one_cm":1251,"minecraft:total_world_time":45042,"minecraft:fall_one_cm":6895},"minecraft:killed_by":{"minecraft:player":1,"minecraft:skeleton":2,"minecraft:creeper":1,"minecraft:zombie":3},"minecraft:mined":{"minecraft:pink_petals":1,"minecraft:furnace":1,"minecraft:iron_ore":6,"minecraft:crafting_table":1,"minecraft:grass":4,"minecraft:coal_ore":33,"minecraft:grass_block":5,"minecraft:oak_log":10,"minecraft:dirt":11,"minecraft:tall_grass":2,"minecraft:stone":26,"minecraft:oak_leaves":3},"minecraft:used":{"minecraft:stone_pickaxe":54,"minecraft:wooden_pickaxe":12,"minecraft:stone_axe":5,"minecraft:dirt":10,"minecraft:crafting_table":1,"minecraft:furnace":1},"minecraft:dropped":{"minecraft:dirt":1,"minecraft:pink_petals":4},"minecraft:killed":{"minecraft:sheep":1}},"DataVersion":3465}