{"stats":{"minecraft:crafted":{"minecraft:oak_planks":24,"minecraft:cooked_porkchop":3,"minecraft:crafting_table":1,"minecraft:stick":12,"minecraft:cooked_chicken":3,"minecraft:iron_ingot":6,"minecraft:wooden_pickaxe":1,"minecraft:iron_pickaxe":1,"minecraft:stone_pickaxe":1,"minecraft:stone_sword":1,"minecraft:furnace":1,"minecraft:stone_axe":1},"minecraft:picked_up":{"minecraft:pink_petals":4,"minecraft:crafting_table":1,"minecraft:raw_iron":6,"minecraft:feather":2,"minecraft:chicken":3,"minecraft:oak_door":3,"minecraft:leather":1,"minecraft:porkchop":3,"minecraft:oak_log":10,"minecraft:white_bed":1,"minecraft:dirt":19,"minecraft:leather_boots":1,"minecraft:rotten_flesh":1,"minecraft:beef":4,"minecraft:mutton":1,"minecraft:coal":71,"minecraft:egg":4,"minecraft:white_wool":1,"minecraft:cobblestone":26,"minecraft:furnace":2},"minecraft:custom":{"minecraft:time_since_rest":38536,"minecraft:interact_with_furnace":7,"minecraft:sprint_one_cm":62807,"minecraft:damage_taken":1858,"minecraft:walk_one_cm":108011,"minecraft:mob_kills":8,"minecraft:drop":8,"minecraft:damage_dealt":610,"minecraft:interact_with_crafting_table":7,"minecraft:fly_one_cm":65282,"minecraft:crouch_one_cm":1558,"minecraft:play_time":57042,"minecraft:deaths":7,"minecraft:sneak_time":10630,"minecraft:walk_under_water_one_cm":4683,"minecraft:jump":497,"minecraft:leave_game":2,"minecraft:time_since_death":38307,"minecraft:walk_on_water_one_cm":3365,"minecraft:total_world_time":57042,"minecraft:fall_one_cm":8747},"minecraft:killed_by":{"minecraft:player":1,"minecraft:skeleton":2,"minecraft:creeper":1,"minecraft:zombie":3},"minecraft:mined":{"minecraft:pink_petals":1,"minecraft:white_bed":1,"minecraft:furnace":2,"minecraft:iron_ore":6,"minecraft:crafting_table":1,"minecraft:grass":4,"minecraft:coal_ore":33,"minecraft:grass_block":6,"minecraft:oak_log":10,"minecraft:dirt":11,"minecraft:tall_grass":2,"minecraft:stone":26,"minecraft:oak_leaves":3},"minecraft:used":{"minecraft:stone_sword":11,"minecraft:stone_pickaxe":55,"minecraft:wooden_pickaxe":12,"minecraft:cooked_chicken":1,"minecraft:stone_axe":5,"minecraft:dirt":14,"minecraft:beef":1,"minecraft:crafting_table":1,"minecraft:furnace":2,"minecraft:egg":3},"minecraft:dropped":{"minecraft:oak_door":3,"minecraft:dirt":1,"minecraft:pink_petals":4},"minecraft:killed":{"minecraft:sheep":1,"minecraft:pig":2,"minecraft:chicken":3,"minecraft:cow":2}},"DataVersion":3465}