{"stats":{"minecraft:crafted":{"minecraft:oak_planks":24,"minecraft:cooked_porkchop":3,"minecraft:crafting_table":1,"minecraft:stick":12,"minecraft:cooked_chicken":3,"minecraft:iron_ingot":6,"minecraft:wooden_pickaxe":1,"minecraft:iron_pickaxe":1,"minecraft:stone_pickaxe":1,"minecraft:stone_sword":1,"minecraft:furnace":1,"minecraft:stone_axe":1},"minecraft:picked_up":{"minecraft:pink_petals":4,"minecraft:crafting_table":1,"minecraft:raw_iron":6,"minecraft:feather":2,"minecraft:chicken":3,"minecraft:oak_door":3,"minecraft:leather":1,"minecraft:porkchop":11,"minecraft:oak_log":11,"minecraft:white_bed":1,"minecraft:dirt":22,"minecraft:leather_boots":1,"minecraft:rotten_flesh":1,"minecraft:beef":4,"minecraft:mutton":1,"minecraft:coal":75,"minecraft:egg":4,"minecraft:white_wool":1,"minecraft:cobblestone":43,"minecraft:furnace":2},"minecraft:custom":{"minecraft:time_since_rest":1170,"minecraft:interact_with_furnace":7,"minecraft:sprint_one_cm":86452,"minecraft:damage_taken":3313,"minecraft:walk_one_cm":135058,"minecraft:mob_kills":13,"minecraft:drop":8,"minecraft:damage_dealt":1218,"minecraft:interact_with_crafting_table":7,"minecraft:fly_one_cm":106092,"minecraft:crouch_one_cm":1969,"minecraft:play_time":69042,"minecraft:deaths":12,"minecraft:sneak_time":10792,"minecraft:walk_under_water_one_cm":4683,"minecraft:damage_dealt_resisted":381,"minecraft:jump":689,"minecraft:leave_game":2,"minecraft:time_since_death":1130,"minecraft:walk_on_water_one_cm":3365,"minecraft:total_world_time":69042,"minecraft:fall_one_cm":14437},"minecraft:killed_by":{"minecraft:player":1,"born_in_chaos_v1:bloody_gadfly":1,"born_in_chaos_v1:door_knight":1,"minecraft:skeleton":2,"minecraft:creeper":2,"minecraft:spider":1,"minecraft:zombie":4},"minecraft:mined":{"minecraft:pink_petals":1,"minecraft:white_bed":1,"minecraft:furnace":2,"minecraft:iron_ore":6,"minecraft:crafting_table":1,"biomesoplenty:bush":1,"minecraft:grass":5,"minecraft:coal_ore":37,"minecraft:grass_block":7,"minecraft:oak_log":11,"minecraft:dirt":13,"minecraft:tall_grass":2,"minecraft:stone":43,"minecraft:oak_leaves":5},"minecraft:used":{"minecraft:oak_log":1,"minecraft:stone_sword":36,"minecraft:stone_pickaxe":76,"minecraft:wooden_pickaxe":12,"minecraft:cooked_chicken":2,"minecraft:stone_axe":6,"minecraft:dirt":17,"minecraft:beef":1,"minecraft:crafting_table":1,"minecraft:furnace":2,"minecraft:egg":3},"minecraft:dropped":{"minecraft:oak_door":3,"minecraft:dirt":1,"minecraft:pink_petals":4},"minecraft:killed":{"minecraft:sheep":1,"minecraft:pig":7,"minecraft:chicken":3,"minecraft:cow":2}},"DataVersion":3465}