{"stats":{"minecraft:crafted":{"minecraft:cherry_planks":48,"minecraft:oak_planks":24,"minecraft:cooked_porkchop":3,"minecraft:crafting_table":2,"minecraft:wooden_pickaxe":2,"minecraft:cooked_chicken":3,"minecraft:furnace":1,"minecraft:stone_axe":1,"minecraft:stick":24,"minecraft:iron_ingot":6,"minecraft:iron_pickaxe":1,"minecraft:stone_pickaxe":2,"minecraft:stone_sword":1,"minecraft:torch":8},"minecraft:custom":{"minecraft:interact_with_furnace":7,"minecraft:mob_kills":13,"minecraft:interact_with_crafting_table":11,"minecraft:damage_dealt_resisted":381,"minecraft:leave_game":3,"minecraft:time_since_death":0,"minecraft:time_since_rest":237,"minecraft:sprint_one_cm":110220,"minecraft:damage_taken":4178,"minecraft:walk_one_cm":154867,"minecraft:drop":39,"minecraft:damage_dealt":1495,"minecraft:swim_one_cm":4449,"minecraft:fly_one_cm":161086,"minecraft:crouch_one_cm":3291,"minecraft:play_time":82351,"minecraft:deaths":15,"minecraft:sneak_time":11226,"minecraft:walk_under_water_one_cm":5441,"minecraft:jump":917,"minecraft:walk_on_water_one_cm":3876,"minecraft:total_world_time":82351,"minecraft:fall_one_cm":22321},"minecraft:picked_up":{"minecraft:pink_petals":4,"minecraft:crafting_table":1,"minecraft:feather":2,"minecraft:chicken":3,"minecraft:leather":1,"minecraft:oak_log":11,"born_in_chaos_v1:bloody_gadfly_eye":1,"minecraft:shield":1,"minecraft:dirt":22,"minecraft:leather_boots":1,"minecraft:bone":11,"minecraft:wheat_seeds":9,"minecraft:beef":4,"minecraft:furnace":2,"minecraft:egg":5,"minecraft:raw_iron":6,"minecraft:oak_door":3,"minecraft:torch":1,"minecraft:porkchop":11,"minecraft:cherry_log":14,"minecraft:white_bed":1,"minecraft:rotten_flesh":1,"minecraft:oak_sapling":4,"iceandfire:raw_silver":2,"minecraft:mutton":1,"minecraft:coal":100,"minecraft:white_wool":1,"minecraft:cobblestone":63},"minecraft:killed_by":{"minecraft:player":1,"born_in_chaos_v1:bloody_gadfly":1,"minecraft:skeleton":2,"minecraft:creeper":3,"minecraft:spider":2,"minecraft:zombie":4,"born_in_chaos_v1:door_knight":1},"minecraft:mined":{"minecraft:white_bed":1,"iceandfire:silver_ore":2,"minecraft:cherry_log":12,"minecraft:crafting_table":1,"minecraft:torch":1,"biomesoplenty:bush":2,"minecraft:grass_block":7,"minecraft:tall_grass":2,"minecraft:pink_petals":1,"minecraft:tall_seagrass":1,"minecraft:furnace":2,"minecraft:iron_ore":6,"minecraft:grass":7,"minecraft:oak_log":11,"minecraft:coal_ore":59,"minecraft:dirt":13,"minecraft:stone":61,"minecraft:oak_leaves":5},"minecraft:used":{"minecraft:stone_sword":36,"minecraft:stone_pickaxe":108,"minecraft:wooden_pickaxe":22,"minecraft:cooked_chicken":2,"minecraft:torch":1,"minecraft:dirt":17,"minecraft:crafting_table":2,"minecraft:oak_log":1,"minecraft:stone_axe":6,"minecraft:cobblestone":17,"minecraft:beef":1,"minecraft:furnace":2,"minecraft:egg":4},"minecraft:dropped":{"minecraft:oak_door":3,"minecraft:wheat_seeds":9,"minecraft:cherry_log":2,"minecraft:coal":3,"minecraft:dirt":1,"minecraft:shield":1,"minecraft:oak_sapling":4,"born_in_chaos_v1:bloody_gadfly_eye":1,"minecraft:pink_petals":4,"minecraft:bone":11},"minecraft:killed":{"minecraft:pig":7,"minecraft:sheep":1,"minecraft:chicken":3,"minecraft:cow":2}},"DataVersion":3465}