{"stats":{"minecraft:used":{"minecraft:dirt":9},"minecraft:mined":{"minecraft:grass_block":4,"minecraft:dirt":8},"minecraft:killed_by":{"minecraft:zombie":2,"minecraft:skeleton":1},"minecraft:picked_up":{"minecraft:rotten_flesh":1,"minecraft:dirt":13},"minecraft:custom":{"minecraft:jump":56,"minecraft:time_since_rest":6453,"minecraft:leave_game":1,"minecraft:damage_dealt":10,"minecraft:sprint_one_cm":8756,"minecraft:deaths":3,"minecraft:play_time":13522,"minecraft:damage_taken":810,"minecraft:time_since_death":6385,"minecraft:walk_one_cm":14663,"minecraft:total_world_time":13522,"minecraft:fall_one_cm":627,"minecraft:fly_one_cm":8701}},"DataVersion":3465}