{"stats":{"minecraft:crafted":{"minecraft:oak_planks":24,"minecraft:crafting_table":1,"minecraft:stick":12,"minecraft:iron_ingot":6,"minecraft:wooden_pickaxe":1,"minecraft:iron_pickaxe":1,"minecraft:stone_pickaxe":1,"minecraft:stone_sword":1,"minecraft:furnace":1,"minecraft:stone_axe":1},"minecraft:picked_up":{"minecraft:pink_petals":4,"minecraft:crafting_table":1,"minecraft:raw_iron":6,"minecraft:oak_log":9,"minecraft:dirt":14,"minecraft:rotten_flesh":1,"minecraft:mutton":1,"minecraft:coal":24,"minecraft:white_wool":1,"minecraft:cobblestone":26,"minecraft:furnace":1},"minecraft:custom":{"minecraft:time_since_rest":14536,"minecraft:interact_with_furnace":3,"minecraft:sprint_one_cm":29033,"minecraft:damage_taken":1858,"minecraft:walk_one_cm":50006,"minecraft:mob_kills":1,"minecraft:drop":4,"minecraft:damage_dealt":90,"minecraft:interact_with_crafting_table":7,"minecraft:fly_one_cm":45281,"minecraft:crouch_one_cm":479,"minecraft:play_time":33042,"minecraft:deaths":7,"minecraft:sneak_time":283,"minecraft:walk_under_water_one_cm":4587,"minecraft:jump":292,"minecraft:leave_game":2,"minecraft:time_since_death":14307,"minecraft:walk_on_water_one_cm":1251,"minecraft:total_world_time":33042,"minecraft:fall_one_cm":6626},"minecraft:killed_by":{"minecraft:player":1,"minecraft:skeleton":2,"minecraft:creeper":1,"minecraft:zombie":3},"minecraft:mined":{"minecraft:pink_petals":1,"minecraft:furnace":1,"minecraft:iron_ore":6,"minecraft:crafting_table":1,"minecraft:grass":4,"minecraft:coal_ore":26,"minecraft:grass_block":4,"minecraft:oak_log":9,"minecraft:dirt":9,"minecraft:tall_grass":2,"minecraft:stone":26},"minecraft:used":{"minecraft:stone_pickaxe":47,"minecraft:wooden_pickaxe":12,"minecraft:stone_axe":1,"minecraft:dirt":9,"minecraft:crafting_table":1,"minecraft:furnace":1},"minecraft:dropped":{"minecraft:pink_petals":4},"minecraft:killed":{"minecraft:sheep":1}},"DataVersion":3465}