{"stats":{"minecraft:picked_up":{"minecraft:rotten_flesh":1,"minecraft:oak_log":3,"minecraft:mutton":1,"minecraft:dirt":13,"minecraft:white_wool":1},"minecraft:custom":{"minecraft:time_since_rest":2536,"minecraft:damage_taken":1858,"minecraft:sprint_one_cm":21044,"minecraft:play_time":21042,"minecraft:deaths":7,"minecraft:walk_one_cm":33515,"minecraft:walk_under_water_one_cm":4587,"minecraft:mob_kills":1,"minecraft:jump":168,"minecraft:damage_dealt":90,"minecraft:leave_game":2,"minecraft:walk_on_water_one_cm":1251,"minecraft:time_since_death":2307,"minecraft:total_world_time":21042,"minecraft:fall_one_cm":4145,"minecraft:fly_one_cm":36858},"minecraft:killed_by":{"minecraft:skeleton":2,"minecraft:creeper":1,"minecraft:zombie":3,"minecraft:player":1},"minecraft:mined":{"minecraft:grass":3,"minecraft:grass_block":4,"minecraft:oak_log":3,"minecraft:dirt":8},"minecraft:used":{"minecraft:dirt":9},"minecraft:killed":{"minecraft:sheep":1}},"DataVersion":3465}