{"stats":{"minecraft:picked_up":{"minecraft:rotten_flesh":1,"minecraft:oak_log":3,"minecraft:mutton":1,"minecraft:dirt":13,"minecraft:white_wool":1},"minecraft:custom":{"minecraft:time_since_rest":8256,"minecraft:sprint_one_cm":10265,"minecraft:play_time":15325,"minecraft:deaths":3,"minecraft:damage_taken":810,"minecraft:walk_one_cm":18501,"minecraft:mob_kills":1,"minecraft:jump":70,"minecraft:damage_dealt":90,"minecraft:leave_game":2,"minecraft:time_since_death":8188,"minecraft:total_world_time":15325,"minecraft:fall_one_cm":1254,"minecraft:fly_one_cm":11668},"minecraft:killed_by":{"minecraft:skeleton":1,"minecraft:zombie":2},"minecraft:mined":{"minecraft:grass":3,"minecraft:oak_log":3,"minecraft:grass_block":4,"minecraft:dirt":8},"minecraft:used":{"minecraft:dirt":9},"minecraft:killed":{"minecraft:sheep":1}},"DataVersion":3465}