{"stats":{"minecraft:dropped":{"minecraft:bone":1},"minecraft:picked_up":{"minecraft:bone":1,"minecraft:flower_pot":1,"minecraft:decorated_pot":1,"minecraft:packed_mud":1,"minecraft:oak_log":2},"minecraft:killed_by":{"duneons:squallgolem":1,"duneons:wraith":1,"born_in_chaos_v1:zombie_bruiser":1,"born_in_chaos_v1:dread_hound":1},"minecraft:used":{"minecraft:flower_pot":1,"minecraft:packed_mud":1,"minecraft:decorated_pot":1},"minecraft:mined":{"minecraft:grass":5,"minecraft:decorated_pot":1,"minecraft:oak_log":2,"minecraft:acacia_leaves":1,"minecraft:potted_brown_mushroom":1,"minecraft:packed_mud":1,"minecraft:oak_leaves":2},"minecraft:custom":{"minecraft:time_since_rest":484,"minecraft:open_chest":1,"minecraft:crouch_one_cm":86,"minecraft:walk_one_cm":15108,"minecraft:play_time":6010,"minecraft:sprint_one_cm":20588,"minecraft:damage_taken":1020,"minecraft:deaths":4,"minecraft:sneak_time":19,"minecraft:drop":1,"minecraft:jump":206,"minecraft:damage_dealt":70,"minecraft:leave_game":1,"minecraft:time_since_death":0,"minecraft:total_world_time":6010,"minecraft:climb_one_cm":148,"minecraft:fall_one_cm":6802,"minecraft:fly_one_cm":45780}},"DataVersion":3465}