{"stats":{"minecraft:custom":{"minecraft:jump":103,"minecraft:time_since_rest":11244,"minecraft:leave_game":6,"minecraft:crouch_one_cm":600,"minecraft:play_time":11244,"minecraft:sprint_one_cm":6821,"minecraft:damage_taken":70,"minecraft:time_since_death":11244,"minecraft:walk_one_cm":26662,"minecraft:sneak_time":250,"minecraft:total_world_time":11244,"minecraft:fall_one_cm":1947,"minecraft:fly_one_cm":3882},"minecraft:mined":{"minecraft:grass_block":1,"minecraft:oak_leaves":1}},"DataVersion":3465}