{"stats":{"minecraft:killed":{"minecraft:zombie":4,"born_in_chaos_v1:zombie_lumberjack":1,"duneons:mountaineer":3},"minecraft:picked_up":{"duneons:soggyswamobricks":4,"duneons:crystalblue":1,"minecraft:stick":1,"minecraft:jungle_log":1,"minecraft:acacia_log":6,"duneons:swampdirt":2,"minecraft:dark_oak_log":1,"minecraft:lantern":1,"minecraft:rotten_flesh":2,"minecraft:wheat_seeds":2,"minecraft:spruce_planks":4,"minecraft:iron_ingot":1,"minecraft:moss_block":1,"minecraft:acacia_sapling":3,"minecraft:cobblestone":6},"minecraft:crafted":{"minecraft:crafting_table":1,"minecraft:stick":8,"minecraft:wooden_pickaxe":1,"minecraft:stone_pickaxe":1,"minecraft:wooden_axe":1,"minecraft:acacia_planks":16,"minecraft:stone_axe":1},"minecraft:used":{"minecraft:wooden_axe":4,"minecraft:stone_pickaxe":9,"minecraft:wooden_pickaxe":8,"minecraft:stone_axe":30,"minecraft:crafting_table":1,"duneons:highlandberries":8},"minecraft:mined":{"duneons:swampdirt":2,"duneons:soggyswamobricks":5,"minecraft:acacia_leaves":12,"minecraft:spruce_planks":4,"minecraft:grass":3,"minecraft:acacia_log":6,"duneons:azure_crystal":1,"minecraft:stone":6,"minecraft:moss_block":1},"minecraft:custom":{"minecraft:time_since_rest":15815,"minecraft:sprint_one_cm":63493,"minecraft:damage_taken":300,"minecraft:walk_one_cm":46181,"minecraft:mob_kills":8,"minecraft:damage_dealt":1610,"minecraft:swim_one_cm":7658,"minecraft:interact_with_crafting_table":4,"minecraft:fly_one_cm":41735,"minecraft:open_chest":1,"minecraft:crouch_one_cm":1542,"minecraft:play_time":15815,"minecraft:sneak_time":508,"minecraft:walk_under_water_one_cm":1223,"minecraft:jump":314,"minecraft:leave_game":2,"minecraft:walk_on_water_one_cm":964,"minecraft:time_since_death":15815,"minecraft:total_world_time":15815,"minecraft:fall_one_cm":3160}},"DataVersion":3465}