{"stats":{"minecraft:mined":{"minecraft:oak_leaves":4},"minecraft:killed_by":{"minecraft:spider":1},"minecraft:custom":{"minecraft:jump":84,"minecraft:time_since_rest":489,"minecraft:deaths":1,"minecraft:damage_dealt":10,"minecraft:damage_taken":230,"minecraft:leave_game":3,"minecraft:play_time":11075,"minecraft:sprint_one_cm":19194,"minecraft:time_since_death":0,"minecraft:walk_on_water_one_cm":2688,"minecraft:walk_one_cm":29069,"minecraft:sneak_time":28,"minecraft:total_world_time":11075,"minecraft:walk_under_water_one_cm":2487,"minecraft:swim_one_cm":5910,"minecraft:fall_one_cm":1736,"minecraft:fly_one_cm":11409}},"DataVersion":3465}