{"stats":{"minecraft:killed":{"minecraft:zombie":5,"born_in_chaos_v1:zombie_lumberjack":1,"born_in_chaos_v1:baby_skeleton":1,"minecraft:spider":1,"duneons:mountaineer":3,"born_in_chaos_v1:maggot":1},"minecraft:picked_up":{"duneons:soggyswamobricks":4,"born_in_chaos_v1:corpse_maggot":1,"duneons:crystalblue":1,"minecraft:stick":1,"minecraft:jungle_log":1,"minecraft:acacia_log":6,"duneons:swampdirt":2,"minecraft:dark_oak_log":1,"minecraft:lantern":1,"minecraft:bone":1,"minecraft:rotten_flesh":2,"minecraft:wheat_seeds":2,"minecraft:spruce_planks":4,"minecraft:iron_ingot":1,"minecraft:moss_block":1,"minecraft:acacia_sapling":3,"minecraft:cobblestone":6},"minecraft:killed_by":{"minecraft:zombie":1},"minecraft:crafted":{"minecraft:crafting_table":1,"minecraft:stick":8,"minecraft:wooden_pickaxe":1,"minecraft:stone_pickaxe":1,"minecraft:wooden_axe":1,"minecraft:acacia_planks":16,"minecraft:stone_axe":1},"minecraft:used":{"minecraft:wooden_axe":4,"minecraft:stone_pickaxe":9,"minecraft:spruce_planks":4,"minecraft:wooden_pickaxe":8,"minecraft:stone_axe":38,"minecraft:crafting_table":1,"duneons:highlandberries":12},"minecraft:mined":{"duneons:swampdirt":2,"duneons:soggyswamobricks":5,"minecraft:acacia_leaves":12,"minecraft:spruce_planks":4,"minecraft:grass":3,"minecraft:acacia_log":6,"duneons:azure_crystal":1,"minecraft:stone":6,"minecraft:moss_block":1},"minecraft:custom":{"minecraft:time_since_rest":376,"minecraft:sprint_one_cm":107844,"minecraft:damage_taken":575,"minecraft:walk_one_cm":64648,"minecraft:mob_kills":12,"minecraft:damage_dealt":2072,"minecraft:swim_one_cm":8814,"minecraft:interact_with_crafting_table":4,"minecraft:fly_one_cm":83442,"minecraft:open_chest":1,"minecraft:crouch_one_cm":1702,"minecraft:play_time":22126,"minecraft:deaths":1,"minecraft:sneak_time":576,"minecraft:walk_under_water_one_cm":1311,"minecraft:jump":499,"minecraft:leave_game":3,"minecraft:time_since_death":0,"minecraft:walk_on_water_one_cm":1132,"minecraft:total_world_time":22126,"minecraft:fall_one_cm":7899}},"DataVersion":3465}