{"stats":{"minecraft:crafted":{"minecraft:cooked_beef":1,"minecraft:cherry_planks":4,"minecraft:oak_planks":40,"minecraft:crafting_table":1,"minecraft:wooden_pickaxe":1,"minecraft:cooked_salmon":1,"minecraft:mangrove_planks":4,"minecraft:stone_axe":1,"minecraft:bread":9,"minecraft:cooked_mutton":1,"minecraft:air":0,"minecraft:shield":1,"minecraft:stick":8,"minecraft:iron_pickaxe":1,"minecraft:wooden_axe":1,"minecraft:white_bed":1,"minecraft:torch":20,"minecraft:wheat":27},"minecraft:custom":{"minecraft:interact_with_furnace":4,"minecraft:mob_kills":22,"minecraft:interact_with_crafting_table":14,"minecraft:open_barrel":3,"minecraft:leave_game":3,"minecraft:time_since_death":8120,"minecraft:sleep_in_bed":4,"minecraft:climb_one_cm":538,"minecraft:time_since_rest":1092,"minecraft:sprint_one_cm":207238,"minecraft:damage_taken":1949,"minecraft:walk_one_cm":180887,"minecraft:damage_blocked_by_shield":135,"minecraft:trigger_trapped_chest":2,"minecraft:drop":2,"minecraft:damage_dealt":3174,"minecraft:swim_one_cm":42152,"minecraft:talked_to_villager":1,"minecraft:fly_one_cm":180269,"minecraft:open_chest":7,"minecraft:crouch_one_cm":2916,"minecraft:play_time":51670,"minecraft:deaths":6,"minecraft:sneak_time":1164,"minecraft:walk_under_water_one_cm":16869,"minecraft:jump":1098,"minecraft:walk_on_water_one_cm":9088,"minecraft:total_world_time":51670,"minecraft:fall_one_cm":30494},"minecraft:picked_up":{"born_in_chaos_v1:corpse_maggot":7,"minecraft:crafting_table":7,"minecraft:feather":8,"minecraft:chicken":3,"minecraft:leather":12,"minecraft:wooden_pickaxe":5,"minecraft:wither_rose":3,"minecraft:oak_log":12,"born_in_chaos_v1:bloody_gadfly_eye":1,"minecraft:shield":1,"minecraft:dirt":35,"minecraft:leather_boots":2,"minecraft:bone":9,"minecraft:wheat_seeds":11,"minecraft:gold_nugget":18,"minecraft:beef":10,"minecraft:iron_ingot":1,"minecraft:stone_pickaxe":6,"minecraft:iron_pickaxe":2,"minecraft:oak_planks":57,"minecraft:mangrove_log":1,"minecraft:egg":3,"minecraft:stick":7,"iceandfire:copper_nugget":14,"minecraft:oak_door":6,"minecraft:gravel":3,"minecraft:porkchop":15,"minecraft:cherry_log":7,"minecraft:white_bed":2,"minecraft:arrow":4,"minecraft:stone_sword":1,"minecraft:stone_axe":6,"iceandfire:silver_sword":3,"minecraft:hay_block":11,"minecraft:bread":1,"minecraft:oak_sapling":11,"minecraft:mutton":7,"minecraft:coal":126,"minecraft:white_wool":27,"minecraft:cobblestone":10,"minecraft:sunflower":1},"minecraft:killed_by":{"minecraft:player":1,"born_in_chaos_v1:bloody_gadfly":1,"iceandfire:ghost":3},"minecraft:mined":{"minecraft:white_bed":1,"iceandfire:copper_pile":2,"minecraft:crafting_table":5,"biomesoplenty:bush":1,"minecraft:grass_block":4,"minecraft:cobblestone":1,"minecraft:tall_grass":1,"minecraft:hay_block":12,"minecraft:grass":12,"minecraft:oak_log":12,"iceandfire:gold_pile":3,"biomesoplenty:barley":2,"minecraft:white_wool":1,"minecraft:oak_leaves":8},"minecraft:used":{"minecraft:cooked_mutton":1,"iceandfire:silver_sword":17,"minecraft:stone_pickaxe":5,"minecraft:shield":2,"minecraft:wooden_pickaxe":7,"minecraft:cherry_planks":4,"minecraft:cooked_salmon":1,"minecraft:torch":7,"minecraft:dirt":2,"minecraft:crafting_table":5,"minecraft:white_bed":3,"born_in_chaos_v1:corpse_maggot":6,"minecraft:wooden_axe":32,"minecraft:bread":7,"minecraft:iron_pickaxe":1,"minecraft:stone_axe":33,"minecraft:cooked_beef":1},"minecraft:dropped":{"iceandfire:silver_sword":2},"minecraft:killed":{"minecraft:pig":3,"born_in_chaos_v1:zombie_lumberjack":1,"born_in_chaos_v1:baby_skeleton":1,"born_in_chaos_v1:maggot":2,"minecraft:sheep":3,"minecraft:skeleton":1,"born_in_chaos_v1:bloody_gadfly":1,"iceandfire:ghost":3,"minecraft:chicken":1,"born_in_chaos_v1:corpse_fly":3,"minecraft:cow":2}},"DataVersion":3465}