{"stats":{"minecraft:crafted":{"minecraft:cooked_beef":1,"minecraft:cherry_planks":4,"minecraft:oak_planks":20,"minecraft:crafting_table":1,"minecraft:stick":4,"minecraft:wooden_pickaxe":1,"minecraft:wooden_axe":1,"minecraft:cooked_salmon":1,"minecraft:mangrove_planks":4,"minecraft:air":0,"minecraft:cooked_mutton":1,"minecraft:bread":9,"minecraft:wheat":27},"minecraft:picked_up":{"born_in_chaos_v1:corpse_maggot":3,"minecraft:stick":2,"minecraft:crafting_table":2,"minecraft:wither_rose":1,"minecraft:oak_log":7,"minecraft:cherry_log":1,"minecraft:dirt":5,"minecraft:stone_sword":1,"minecraft:bone":1,"minecraft:stone_axe":1,"minecraft:wheat_seeds":5,"minecraft:gold_nugget":18,"minecraft:hay_block":11,"minecraft:stone_pickaxe":1,"iceandfire:copper_nugget":14,"minecraft:oak_sapling":2,"minecraft:mutton":3,"minecraft:mangrove_log":1,"minecraft:white_wool":2,"minecraft:sunflower":1},"minecraft:custom":{"minecraft:time_since_rest":140,"minecraft:interact_with_furnace":4,"minecraft:sprint_one_cm":103228,"minecraft:damage_taken":1369,"minecraft:walk_one_cm":96771,"minecraft:mob_kills":7,"minecraft:damage_dealt":872,"minecraft:swim_one_cm":10469,"minecraft:interact_with_crafting_table":5,"minecraft:fly_one_cm":110829,"minecraft:open_chest":1,"minecraft:crouch_one_cm":2577,"minecraft:play_time":27670,"minecraft:deaths":4,"minecraft:sneak_time":849,"minecraft:walk_under_water_one_cm":4847,"minecraft:jump":734,"minecraft:leave_game":3,"minecraft:time_since_death":107,"minecraft:walk_on_water_one_cm":1727,"minecraft:sleep_in_bed":1,"minecraft:total_world_time":27670,"minecraft:fall_one_cm":19720},"minecraft:killed_by":{"iceandfire:ghost":3,"minecraft:player":1},"minecraft:mined":{"minecraft:hay_block":12,"iceandfire:copper_pile":2,"minecraft:crafting_table":2,"minecraft:grass":7,"biomesoplenty:bush":1,"minecraft:grass_block":4,"minecraft:oak_log":7,"iceandfire:gold_pile":3,"minecraft:tall_grass":1,"biomesoplenty:barley":2,"minecraft:oak_leaves":3},"minecraft:used":{"minecraft:wooden_axe":32,"minecraft:bread":5,"minecraft:wooden_pickaxe":7,"minecraft:cherry_planks":4,"minecraft:cooked_salmon":1,"minecraft:stone_axe":1,"minecraft:dirt":2,"minecraft:crafting_table":2,"minecraft:cooked_beef":1,"minecraft:cooked_mutton":1,"born_in_chaos_v1:corpse_maggot":3},"minecraft:killed":{"minecraft:sheep":2,"born_in_chaos_v1:zombie_lumberjack":1,"born_in_chaos_v1:corpse_fly":1,"born_in_chaos_v1:baby_skeleton":1,"born_in_chaos_v1:maggot":2}},"DataVersion":3465}