{"stats":{"minecraft:picked_up":{"minecraft:crafting_table":10,"minecraft:iron_chestplate":2,"minecraft:wheat":130,"born_in_chaos_v1:river_mint":1,"minecraft:chicken":6,"minecraft:brown_mushroom":4,"minecraft:oak_stairs":2,"minecraft:wooden_pickaxe":17,"born_in_chaos_v1:black_argillite_brick_wall":1,"minecraft:gold_block":2,"minecraft:wither_rose":6,"born_in_chaos_v1:bloody_gadfly_eye":6,"minecraft:shield":5,"minecraft:string":12,"minecraft:iron_axe":1,"minecraft:iron_leggings":2,"minecraft:gold_nugget":18,"minecraft:beef":21,"minecraft:poppy":1,"minecraft:iron_pickaxe":8,"minecraft:mangrove_log":1,"minecraft:egg":6,"minecraft:golden_helmet":3,"minecraft:tipped_arrow":7,"minecraft:stick":9,"born_in_chaos_v1:shattered_skull":2,"minecraft:oak_door":9,"minecraft:torch":36,"minecraft:porkchop":37,"minecraft:cherry_log":17,"minecraft:carrot":34,"born_in_chaos_v1:nightmare_claw":3,"born_in_chaos_v1:pieceofdarkmetal":12,"minecraft:weeping_vines":9,"minecraft:arrow":4,"minecraft:stone_sword":1,"iceandfire:silver_ingot":4,"minecraft:rotten_flesh":2,"born_in_chaos_v1:wood_splitter_axe":1,"minecraft:hay_block":11,"minecraft:iron_block":2,"minecraft:gold_ingot":4,"minecraft:mutton":19,"minecraft:cobblestone":30,"minecraft:skeleton_skull":4,"minecraft:white_wool":63,"born_in_chaos_v1:corpse_maggot":15,"minecraft:feather":20,"minecraft:cooked_beef":6,"minecraft:golden_carrot":1,"minecraft:leather":48,"minecraft:oak_log":12,"minecraft:gunpowder":18,"minecraft:dirt":81,"born_in_chaos_v1:monster_skin":3,"born_in_chaos_v1:marigolds":2,"minecraft:leather_boots":2,"minecraft:bone":52,"minecraft:wheat_seeds":47,"minecraft:stone_pickaxe":9,"minecraft:iron_ingot":5,"born_in_chaos_v1:smoked_flesh":36,"minecraft:iron_sword":1,"minecraft:oak_planks":156,"iceandfire:copper_nugget":14,"minecraft:dandelion":2,"minecraft:poisonous_potato":3,"minecraft:sand":16,"minecraft:gravel":7,"minecraft:white_bed":2,"minecraft:spider_eye":1,"travelersbackpack:standard":1,"minecraft:stone_axe":10,"iceandfire:silver_sword":5,"minecraft:iron_helmet":2,"minecraft:bone_meal":20,"minecraft:bread":17,"minecraft:oak_sapling":23,"minecraft:coal":148,"minecraft:sunflower":1},"minecraft:crafted":{"minecraft:golden_carrot":4,"minecraft:cherry_planks":12,"minecraft:yellow_wool":2,"minecraft:oak_planks":40,"minecraft:tripwire_hook":2,"travelersbackpack:yellow_sleeping_bag":1,"minecraft:furnace":1,"minecraft:bone_meal":10,"minecraft:cooked_mutton":1,"minecraft:glass":13,"minecraft:iron_boots":1,"minecraft:iron_axe":1,"minecraft:chest":1,"minecraft:wheat":27,"minecraft:cooked_beef":7,"minecraft:crafting_table":3,"travelersbackpack:backpack_tank":2,"minecraft:baked_potato":7,"minecraft:wooden_pickaxe":1,"travelersbackpack:standard":1,"minecraft:cooked_salmon":1,"minecraft:mangrove_planks":4,"minecraft:birch_planks":4,"minecraft:stone_axe":1,"minecraft:bread":30,"minecraft:air":0,"minecraft:yellow_dye":2,"minecraft:iron_chestplate":1,"minecraft:gold_nugget":36,"minecraft:shield":1,"minecraft:stick":12,"minecraft:iron_pickaxe":1,"minecraft:iron_ingot":28,"minecraft:wooden_axe":1,"minecraft:gold_ingot":18,"minecraft:iron_leggings":1,"minecraft:white_bed":1,"minecraft:torch":20,"iceandfire:silver_sword":1,"minecraft:trapped_chest":1},"minecraft:killed":{"minecraft:vex":3,"born_in_chaos_v1:zombie_lumberjack":1,"born_in_chaos_v1:baby_skeleton_minion":2,"born_in_chaos_v1:maggot":2,"minecraft:skeleton":1,"minecraft:chicken":1,"minecraft:pig":3,"born_in_chaos_v1:bone_imp_minion":1,"born_in_chaos_v1:baby_skeleton":1,"minecraft:sheep":4,"born_in_chaos_v1:bloody_gadfly":1,"iceandfire:ghost":4,"born_in_chaos_v1:corpse_fly":5,"minecraft:cow":2},"minecraft:killed_by":{"minecraft:player":1,"born_in_chaos_v1:bloody_gadfly":1,"minecraft:stray":2,"minecraft:creeper":1,"iceandfire:ghost":4,"minecraft:vex":1},"minecraft:custom":{"minecraft:interact_with_smithing_table":1,"minecraft:mob_kills":37,"minecraft:interact_with_crafting_table":35,"minecraft:open_barrel":3,"minecraft:damage_dealt_resisted":133,"minecraft:leave_game":5,"minecraft:time_since_death":48442,"minecraft:climb_one_cm":538,"minecraft:sprint_one_cm":446665,"minecraft:walk_one_cm":373330,"minecraft:damage_blocked_by_shield":900,"minecraft:drop":15,"minecraft:talked_to_villager":1,"minecraft:play_time":135504,"minecraft:deaths":11,"minecraft:sneak_time":1887,"minecraft:walk_under_water_one_cm":19130,"minecraft:jump":2004,"minecraft:walk_on_water_one_cm":18753,"minecraft:total_world_time":135504,"minecraft:interact_with_furnace":24,"minecraft:sleep_in_bed":4,"minecraft:time_since_rest":48498,"minecraft:damage_taken":3914,"minecraft:trigger_trapped_chest":2,"minecraft:damage_dealt":5267,"minecraft:swim_one_cm":63168,"minecraft:fly_one_cm":331469,"minecraft:open_chest":37,"minecraft:crouch_one_cm":4557,"minecraft:interact_with_smoker":5,"minecraft:fall_one_cm":49045},"minecraft:used":{"iceandfire:silver_sword":57,"minecraft:shield":15,"minecraft:iron_sword":5,"minecraft:cooked_salmon":1,"minecraft:iron_chestplate":1,"minecraft:torch":13,"minecraft:dirt":2,"minecraft:carrot":10,"born_in_chaos_v1:corpse_maggot":7,"minecraft:wooden_axe":32,"minecraft:iron_helmet":1,"minecraft:iron_boots":1,"minecraft:golden_carrot":4,"minecraft:furnace":1,"minecraft:cooked_beef":4,"minecraft:iron_leggings":1,"minecraft:cooked_mutton":1,"minecraft:stone_pickaxe":5,"minecraft:baked_potato":1,"minecraft:oak_planks":5,"minecraft:wooden_pickaxe":7,"minecraft:cherry_planks":4,"minecraft:crafting_table":8,"minecraft:white_bed":3,"minecraft:bread":9,"minecraft:iron_pickaxe":19,"minecraft:stone_axe":44,"minecraft:cobblestone":3,"travelersbackpack:standard":2,"minecraft:porkchop":1},"minecraft:dropped":{"born_in_chaos_v1:wood_splitter_axe":1,"minecraft:golden_helmet":1,"minecraft:feather":4,"born_in_chaos_v1:pieceofdarkmetal":4,"travelersbackpack:standard":1,"born_in_chaos_v1:nightmare_claw":1,"iceandfire:silver_sword":2,"born_in_chaos_v1:black_argillite_brick_wall":1,"minecraft:iron_pickaxe":1,"minecraft:gravel":1,"minecraft:stone_axe":1,"minecraft:oak_planks":58,"minecraft:skeleton_skull":1,"born_in_chaos_v1:bloody_gadfly_eye":1},"minecraft:mined":{"minecraft:white_bed":1,"minecraft:potted_crimson_roots":1,"iceandfire:copper_pile":2,"biomesoplenty:bush":1,"minecraft:grass_block":9,"born_in_chaos_v1:black_argillite_brick_wall":1,"minecraft:spawner":2,"minecraft:hay_block":12,"iceandfire:gold_pile":3,"biomesoplenty:barley":4,"minecraft:stone":2,"minecraft:iron_block":1,"minecraft:white_wool":1,"born_in_chaos_v1:marigolds":1,"minecraft:dandelion":2,"minecraft:crafting_table":5,"minecraft:tall_grass":2,"minecraft:cobblestone":4,"minecraft:wall_torch":1,"minecraft:skeleton_skull":1,"minecraft:gray_wool":1,"born_in_chaos_v1:river_mint":1,"minecraft:grass":15,"minecraft:oak_log":12,"minecraft:coal_ore":7,"minecraft:sand":16,"minecraft:dirt":4,"minecraft:oak_leaves":8}},"DataVersion":3465}