{"stats":{"minecraft:crafted":{"minecraft:cooked_beef":1,"minecraft:cherry_planks":4,"minecraft:oak_planks":20,"minecraft:crafting_table":1,"minecraft:wooden_pickaxe":1,"minecraft:cooked_salmon":1,"minecraft:mangrove_planks":4,"minecraft:stone_axe":1,"minecraft:bread":9,"minecraft:cooked_mutton":1,"minecraft:air":0,"minecraft:stick":8,"minecraft:iron_pickaxe":1,"minecraft:wooden_axe":1,"minecraft:white_bed":1,"minecraft:wheat":27},"minecraft:custom":{"minecraft:interact_with_furnace":4,"minecraft:mob_kills":14,"minecraft:interact_with_crafting_table":9,"minecraft:leave_game":3,"minecraft:time_since_death":494,"minecraft:sleep_in_bed":1,"minecraft:climb_one_cm":538,"minecraft:time_since_rest":526,"minecraft:sprint_one_cm":157020,"minecraft:damage_taken":1694,"minecraft:walk_one_cm":127043,"minecraft:trigger_trapped_chest":2,"minecraft:drop":1,"minecraft:damage_dealt":2091,"minecraft:swim_one_cm":37288,"minecraft:talked_to_villager":1,"minecraft:fly_one_cm":159092,"minecraft:open_chest":3,"minecraft:crouch_one_cm":2584,"minecraft:play_time":39670,"minecraft:deaths":5,"minecraft:sneak_time":980,"minecraft:walk_under_water_one_cm":16763,"minecraft:jump":973,"minecraft:walk_on_water_one_cm":5879,"minecraft:total_world_time":39670,"minecraft:fall_one_cm":28075},"minecraft:picked_up":{"born_in_chaos_v1:corpse_maggot":3,"minecraft:crafting_table":5,"minecraft:feather":4,"minecraft:chicken":2,"minecraft:leather":3,"minecraft:wooden_pickaxe":2,"minecraft:wither_rose":1,"minecraft:oak_log":7,"minecraft:dirt":27,"minecraft:leather_boots":1,"minecraft:bone":1,"minecraft:wheat_seeds":5,"minecraft:gold_nugget":18,"minecraft:iron_ingot":1,"minecraft:stone_pickaxe":3,"minecraft:iron_pickaxe":1,"minecraft:oak_planks":13,"minecraft:mangrove_log":1,"minecraft:egg":2,"minecraft:stick":2,"iceandfire:copper_nugget":14,"minecraft:gravel":2,"minecraft:porkchop":10,"minecraft:cherry_log":5,"minecraft:stone_sword":1,"minecraft:stone_axe":4,"iceandfire:silver_sword":1,"minecraft:hay_block":11,"minecraft:bread":1,"minecraft:oak_sapling":6,"minecraft:mutton":3,"minecraft:coal":76,"minecraft:white_wool":17,"minecraft:cobblestone":7,"minecraft:sunflower":1},"minecraft:killed_by":{"minecraft:player":1,"iceandfire:ghost":3},"minecraft:mined":{"iceandfire:copper_pile":2,"minecraft:crafting_table":4,"biomesoplenty:bush":1,"minecraft:grass_block":4,"minecraft:tall_grass":1,"minecraft:hay_block":12,"minecraft:grass":11,"minecraft:oak_log":7,"iceandfire:gold_pile":3,"biomesoplenty:barley":2,"minecraft:white_wool":1,"minecraft:oak_leaves":3},"minecraft:used":{"minecraft:cooked_mutton":1,"iceandfire:silver_sword":1,"minecraft:wooden_pickaxe":7,"minecraft:cherry_planks":4,"minecraft:cooked_salmon":1,"minecraft:dirt":2,"minecraft:crafting_table":5,"minecraft:white_bed":1,"born_in_chaos_v1:corpse_maggot":3,"minecraft:wooden_axe":32,"minecraft:bread":7,"minecraft:stone_axe":19,"minecraft:cooked_beef":1},"minecraft:dropped":{"iceandfire:silver_sword":1},"minecraft:killed":{"minecraft:pig":3,"born_in_chaos_v1:zombie_lumberjack":1,"born_in_chaos_v1:baby_skeleton":1,"born_in_chaos_v1:maggot":2,"minecraft:sheep":2,"iceandfire:ghost":3,"minecraft:chicken":1,"born_in_chaos_v1:corpse_fly":1}},"DataVersion":3465}