{"stats":{"minecraft:killed":{"minecraft:sheep":1,"born_in_chaos_v1:zombie_clown":1,"minecraft:zombie":5,"born_in_chaos_v1:zombie_lumberjack":1,"born_in_chaos_v1:baby_skeleton":1,"minecraft:spider":1,"born_in_chaos_v1:decrepit_skeleton":1,"duneons:mountaineer":3,"born_in_chaos_v1:maggot":4},"minecraft:picked_up":{"duneons:soggyswamobricks":4,"minecraft:stick":5,"born_in_chaos_v1:corpse_maggot":2,"duneons:crystalblue":1,"minecraft:jungle_log":1,"minecraft:acacia_log":13,"duneons:swampdirt":2,"minecraft:packed_mud":1,"minecraft:oak_log":2,"minecraft:dark_oak_log":1,"minecraft:dirt":6,"minecraft:lantern":1,"born_in_chaos_v1:intoxicating_decoction":1,"minecraft:bone":3,"minecraft:rotten_flesh":12,"minecraft:wheat_seeds":3,"minecraft:spruce_planks":4,"minecraft:iron_ingot":1,"born_in_chaos_v1:stimulating_decoction":1,"minecraft:moss_block":3,"minecraft:mutton":2,"minecraft:white_wool":1,"minecraft:acacia_sapling":3,"minecraft:cobblestone":6},"minecraft:killed_by":{"minecraft:player":1,"minecraft:zombie":1},"minecraft:used":{"minecraft:wooden_axe":4,"minecraft:stone_pickaxe":9,"minecraft:packed_mud":1,"minecraft:spruce_planks":4,"minecraft:wooden_pickaxe":8,"minecraft:rotten_flesh":1,"minecraft:stone_axe":38,"minecraft:wooden_sword":26,"minecraft:crafting_table":2,"duneons:highlandberries":12},"minecraft:crafted":{"minecraft:wooden_sword":1,"minecraft:oak_planks":8,"minecraft:crafting_table":3,"minecraft:stick":16,"minecraft:wooden_pickaxe":2,"minecraft:stone_pickaxe":1,"minecraft:wooden_axe":2,"minecraft:acacia_planks":40,"minecraft:stone_axe":1},"minecraft:mined":{"duneons:swampdirt":2,"duneons:soggyswamobricks":5,"minecraft:acacia_leaves":19,"minecraft:spruce_planks":4,"minecraft:grass":11,"minecraft:acacia_log":13,"minecraft:dead_bush":2,"duneons:azure_crystal":1,"minecraft:stone":6,"minecraft:moss_block":1},"minecraft:custom":{"minecraft:time_since_rest":2881,"minecraft:sprint_one_cm":133027,"minecraft:damage_taken":1600,"minecraft:walk_one_cm":94365,"minecraft:mob_kills":18,"minecraft:damage_dealt":3129,"minecraft:swim_one_cm":10577,"minecraft:interact_with_crafting_table":8,"minecraft:fly_one_cm":109262,"minecraft:open_chest":1,"minecraft:crouch_one_cm":1702,"minecraft:play_time":32345,"minecraft:deaths":3,"minecraft:sneak_time":648,"minecraft:walk_under_water_one_cm":1985,"minecraft:jump":684,"minecraft:leave_game":4,"minecraft:time_since_death":2841,"minecraft:walk_on_water_one_cm":2352,"minecraft:climb_one_cm":20473,"minecraft:total_world_time":32345,"minecraft:fall_one_cm":16619}},"DataVersion":3465}