{"stats":{"minecraft:crafted":{"minecraft:oak_planks":16},"minecraft:killed_by":{"minecraft:player":1},"minecraft:mined":{"minecraft:grass":1,"minecraft:oak_log":6},"minecraft:picked_up":{"minecraft:oak_log":6,"minecraft:wheat_seeds":1},"minecraft:custom":{"minecraft:jump":134,"minecraft:leave_game":1,"minecraft:time_since_rest":1379,"minecraft:time_since_death":1246,"minecraft:play_time":4824,"minecraft:crouch_one_cm":33,"minecraft:walk_one_cm":9977,"minecraft:sprint_one_cm":21483,"minecraft:walk_on_water_one_cm":964,"minecraft:deaths":1,"minecraft:sneak_time":48,"minecraft:total_world_time":4824,"minecraft:walk_under_water_one_cm":754,"minecraft:swim_one_cm":8405,"minecraft:fall_one_cm":3174,"minecraft:fly_one_cm":30036,"minecraft:damage_dealt":54,"minecraft:damage_taken":222}},"DataVersion":3465}