{"stats":{"minecraft:killed":{"born_in_chaos_v1:zombie_lumberjack":1,"born_in_chaos_v1:corpse_fly":1,"born_in_chaos_v1:baby_skeleton":1,"born_in_chaos_v1:maggot":2,"minecraft:sheep":2},"minecraft:used":{"minecraft:cooked_mutton":1,"born_in_chaos_v1:corpse_maggot":3,"minecraft:wooden_axe":25,"minecraft:bread":3,"minecraft:wooden_pickaxe":7,"minecraft:cherry_planks":4,"minecraft:cooked_salmon":1,"minecraft:dirt":2,"minecraft:crafting_table":2,"minecraft:cooked_beef":1},"minecraft:crafted":{"minecraft:cooked_beef":1,"minecraft:cherry_planks":4,"minecraft:oak_planks":20,"minecraft:crafting_table":1,"minecraft:stick":4,"minecraft:wooden_pickaxe":1,"minecraft:wooden_axe":1,"minecraft:cooked_salmon":1,"minecraft:mangrove_planks":4,"minecraft:bread":7,"minecraft:wheat":27,"minecraft:air":0,"minecraft:cooked_mutton":1},"minecraft:mined":{"minecraft:crafting_table":1,"minecraft:grass":7,"biomesoplenty:bush":1,"minecraft:grass_block":2,"minecraft:oak_log":7,"biomesoplenty:barley":2,"minecraft:hay_block":4,"minecraft:oak_leaves":3},"minecraft:killed_by":{"minecraft:player":1},"minecraft:picked_up":{"minecraft:stick":2,"born_in_chaos_v1:corpse_maggot":3,"minecraft:crafting_table":1,"minecraft:oak_log":7,"minecraft:cherry_log":1,"minecraft:dirt":3,"minecraft:bone":1,"minecraft:wheat_seeds":4,"minecraft:hay_block":3,"minecraft:oak_sapling":2,"minecraft:mutton":3,"minecraft:white_wool":2,"minecraft:mangrove_log":1,"minecraft:sunflower":1},"minecraft:custom":{"minecraft:time_since_rest":17792,"minecraft:interact_with_furnace":4,"minecraft:sprint_one_cm":76672,"minecraft:damage_taken":594,"minecraft:walk_one_cm":72757,"minecraft:mob_kills":7,"minecraft:damage_dealt":872,"minecraft:interact_with_crafting_table":4,"minecraft:swim_one_cm":8405,"minecraft:fly_one_cm":83782,"minecraft:crouch_one_cm":2077,"minecraft:play_time":21237,"minecraft:deaths":1,"minecraft:sneak_time":753,"minecraft:walk_under_water_one_cm":754,"minecraft:jump":601,"minecraft:leave_game":2,"minecraft:time_since_death":17659,"minecraft:walk_on_water_one_cm":964,"minecraft:total_world_time":21237,"minecraft:fall_one_cm":12609}},"DataVersion":3465}