{"stats":{"minecraft:crafted":{"minecraft:golden_carrot":4,"minecraft:cherry_planks":4,"minecraft:oak_planks":40,"minecraft:bone_meal":10,"minecraft:cooked_mutton":1,"minecraft:iron_axe":1,"minecraft:wheat":27,"minecraft:cooked_beef":1,"minecraft:crafting_table":2,"minecraft:wooden_pickaxe":1,"minecraft:cooked_salmon":1,"minecraft:mangrove_planks":4,"minecraft:stone_axe":1,"minecraft:bread":9,"minecraft:air":0,"minecraft:iron_chestplate":1,"minecraft:gold_nugget":36,"minecraft:shield":1,"minecraft:stick":12,"minecraft:iron_pickaxe":1,"minecraft:iron_ingot":18,"minecraft:wooden_axe":1,"minecraft:iron_leggings":1,"minecraft:white_bed":1,"minecraft:torch":20,"iceandfire:silver_sword":1},"minecraft:custom":{"minecraft:mob_kills":31,"minecraft:interact_with_crafting_table":19,"minecraft:open_barrel":3,"minecraft:damage_dealt_resisted":133,"minecraft:leave_game":3,"minecraft:time_since_death":674,"minecraft:climb_one_cm":538,"minecraft:sprint_one_cm":292092,"minecraft:walk_one_cm":274890,"minecraft:damage_blocked_by_shield":900,"minecraft:drop":11,"minecraft:talked_to_villager":1,"minecraft:sneak_time":1738,"minecraft:play_time":75670,"minecraft:deaths":10,"minecraft:walk_under_water_one_cm":17863,"minecraft:jump":1362,"minecraft:walk_on_water_one_cm":14534,"minecraft:total_world_time":75670,"minecraft:interact_with_furnace":4,"minecraft:sleep_in_bed":4,"minecraft:time_since_rest":723,"minecraft:damage_taken":3454,"minecraft:trigger_trapped_chest":2,"minecraft:damage_dealt":4469,"minecraft:swim_one_cm":49282,"minecraft:fly_one_cm":219160,"minecraft:open_chest":15,"minecraft:crouch_one_cm":4238,"minecraft:fall_one_cm":35963},"minecraft:picked_up":{"minecraft:crafting_table":9,"minecraft:wheat":2,"minecraft:chicken":6,"minecraft:brown_mushroom":4,"minecraft:wooden_pickaxe":11,"born_in_chaos_v1:black_argillite_brick_wall":1,"minecraft:wither_rose":6,"born_in_chaos_v1:bloody_gadfly_eye":4,"minecraft:shield":3,"minecraft:string":4,"minecraft:gold_nugget":18,"minecraft:beef":15,"minecraft:poppy":1,"minecraft:iron_pickaxe":6,"minecraft:mangrove_log":1,"minecraft:egg":6,"minecraft:golden_helmet":2,"minecraft:tipped_arrow":3,"minecraft:stick":7,"born_in_chaos_v1:shattered_skull":2,"minecraft:oak_door":9,"minecraft:torch":36,"minecraft:porkchop":29,"minecraft:cherry_log":13,"born_in_chaos_v1:pieceofdarkmetal":12,"minecraft:carrot":25,"minecraft:stone_sword":1,"iceandfire:silver_ingot":4,"minecraft:arrow":4,"minecraft:weeping_vines":3,"born_in_chaos_v1:wood_splitter_axe":1,"minecraft:hay_block":11,"minecraft:iron_block":2,"minecraft:gold_ingot":4,"minecraft:mutton":13,"minecraft:cobblestone":22,"minecraft:skeleton_skull":2,"minecraft:white_wool":48,"born_in_chaos_v1:corpse_maggot":7,"minecraft:feather":20,"minecraft:leather":34,"minecraft:oak_log":12,"minecraft:dirt":44,"born_in_chaos_v1:monster_skin":3,"minecraft:leather_boots":2,"minecraft:bone":30,"minecraft:wheat_seeds":26,"minecraft:stone_pickaxe":8,"minecraft:iron_ingot":1,"born_in_chaos_v1:smoked_flesh":12,"minecraft:oak_planks":152,"iceandfire:copper_nugget":14,"minecraft:poisonous_potato":1,"minecraft:gravel":5,"minecraft:white_bed":2,"minecraft:spider_eye":1,"minecraft:stone_axe":10,"iceandfire:silver_sword":3,"minecraft:iron_helmet":1,"minecraft:bread":15,"minecraft:oak_sapling":19,"minecraft:coal":129,"minecraft:sunflower":1},"minecraft:killed_by":{"minecraft:player":1,"born_in_chaos_v1:bloody_gadfly":1,"minecraft:stray":2,"iceandfire:ghost":4,"minecraft:vex":1},"minecraft:mined":{"minecraft:white_bed":1,"minecraft:potted_crimson_roots":1,"iceandfire:copper_pile":2,"biomesoplenty:bush":1,"minecraft:grass_block":8,"born_in_chaos_v1:black_argillite_brick_wall":1,"minecraft:spawner":2,"minecraft:hay_block":12,"iceandfire:gold_pile":3,"biomesoplenty:barley":2,"minecraft:stone":2,"minecraft:iron_block":1,"minecraft:white_wool":1,"minecraft:crafting_table":5,"minecraft:tall_grass":1,"minecraft:cobblestone":4,"minecraft:wall_torch":1,"minecraft:skeleton_skull":1,"minecraft:gray_wool":1,"minecraft:grass":12,"minecraft:oak_log":12,"minecraft:dirt":4,"minecraft:oak_leaves":8},"minecraft:used":{"iceandfire:silver_sword":38,"minecraft:shield":15,"minecraft:cooked_salmon":1,"minecraft:iron_chestplate":1,"minecraft:torch":13,"minecraft:dirt":2,"born_in_chaos_v1:corpse_maggot":7,"minecraft:wooden_axe":32,"minecraft:iron_helmet":1,"minecraft:golden_carrot":3,"minecraft:cooked_beef":1,"minecraft:iron_leggings":1,"minecraft:cooked_mutton":1,"minecraft:stone_pickaxe":5,"minecraft:oak_planks":5,"minecraft:wooden_pickaxe":7,"minecraft:cherry_planks":4,"minecraft:crafting_table":6,"minecraft:white_bed":3,"minecraft:bread":7,"minecraft:iron_pickaxe":12,"minecraft:stone_axe":44,"minecraft:cobblestone":3,"minecraft:porkchop":1},"minecraft:dropped":{"born_in_chaos_v1:wood_splitter_axe":1,"minecraft:feather":4,"born_in_chaos_v1:pieceofdarkmetal":4,"iceandfire:silver_sword":2,"born_in_chaos_v1:black_argillite_brick_wall":1,"minecraft:iron_pickaxe":1,"minecraft:stone_axe":1,"minecraft:oak_planks":58,"minecraft:skeleton_skull":1,"born_in_chaos_v1:bloody_gadfly_eye":1},"minecraft:killed":{"minecraft:vex":3,"born_in_chaos_v1:zombie_lumberjack":1,"born_in_chaos_v1:baby_skeleton_minion":2,"born_in_chaos_v1:maggot":2,"minecraft:skeleton":1,"minecraft:chicken":1,"minecraft:pig":3,"born_in_chaos_v1:bone_imp_minion":1,"born_in_chaos_v1:baby_skeleton":1,"minecraft:sheep":3,"born_in_chaos_v1:bloody_gadfly":1,"iceandfire:ghost":3,"born_in_chaos_v1:corpse_fly":3,"minecraft:cow":2}},"DataVersion":3465}