{"stats":{"minecraft:crafted":{"minecraft:cooked_beef":1,"minecraft:cherry_planks":4,"minecraft:oak_planks":40,"minecraft:crafting_table":1,"minecraft:wooden_pickaxe":1,"minecraft:cooked_salmon":1,"minecraft:bone_meal":10,"minecraft:mangrove_planks":4,"minecraft:stone_axe":1,"minecraft:bread":9,"minecraft:cooked_mutton":1,"minecraft:air":0,"minecraft:shield":1,"minecraft:stick":8,"minecraft:iron_ingot":18,"minecraft:iron_pickaxe":1,"minecraft:wooden_axe":1,"minecraft:white_bed":1,"minecraft:torch":20,"minecraft:wheat":27},"minecraft:custom":{"minecraft:interact_with_furnace":4,"minecraft:mob_kills":25,"minecraft:interact_with_crafting_table":14,"minecraft:open_barrel":3,"minecraft:leave_game":3,"minecraft:time_since_death":2951,"minecraft:sleep_in_bed":4,"minecraft:climb_one_cm":538,"minecraft:time_since_rest":3019,"minecraft:sprint_one_cm":245647,"minecraft:damage_taken":2761,"minecraft:walk_one_cm":237729,"minecraft:damage_blocked_by_shield":495,"minecraft:trigger_trapped_chest":2,"minecraft:drop":7,"minecraft:damage_dealt":3550,"minecraft:swim_one_cm":49282,"minecraft:talked_to_villager":1,"minecraft:fly_one_cm":189912,"minecraft:open_chest":9,"minecraft:crouch_one_cm":2916,"minecraft:play_time":63670,"minecraft:deaths":9,"minecraft:sneak_time":1186,"minecraft:walk_under_water_one_cm":17850,"minecraft:jump":1161,"minecraft:walk_on_water_one_cm":12328,"minecraft:total_world_time":63670,"minecraft:fall_one_cm":30912},"minecraft:picked_up":{"born_in_chaos_v1:corpse_maggot":7,"minecraft:crafting_table":9,"minecraft:wheat":2,"minecraft:feather":20,"minecraft:chicken":6,"minecraft:leather":30,"minecraft:brown_mushroom":4,"minecraft:wooden_pickaxe":10,"minecraft:wither_rose":6,"minecraft:oak_log":12,"born_in_chaos_v1:bloody_gadfly_eye":3,"minecraft:shield":3,"minecraft:dirt":36,"born_in_chaos_v1:monster_skin":3,"minecraft:leather_boots":2,"minecraft:bone":28,"minecraft:wheat_seeds":26,"minecraft:gold_nugget":18,"born_in_chaos_v1:smoked_flesh":6,"minecraft:beef":15,"minecraft:iron_ingot":1,"minecraft:stone_pickaxe":8,"minecraft:poppy":1,"minecraft:iron_pickaxe":6,"minecraft:oak_planks":152,"minecraft:mangrove_log":1,"minecraft:egg":6,"minecraft:tipped_arrow":3,"minecraft:golden_helmet":2,"minecraft:stick":7,"iceandfire:copper_nugget":14,"born_in_chaos_v1:shattered_skull":2,"minecraft:oak_door":9,"minecraft:torch":36,"minecraft:poisonous_potato":1,"minecraft:gravel":5,"minecraft:porkchop":29,"minecraft:cherry_log":13,"minecraft:carrot":16,"born_in_chaos_v1:pieceofdarkmetal":12,"minecraft:white_bed":2,"minecraft:spider_eye":1,"minecraft:weeping_vines":3,"iceandfire:silver_ingot":4,"minecraft:arrow":4,"minecraft:stone_sword":1,"minecraft:stone_axe":10,"born_in_chaos_v1:wood_splitter_axe":1,"iceandfire:silver_sword":3,"minecraft:hay_block":11,"minecraft:iron_block":2,"minecraft:gold_ingot":4,"minecraft:bread":15,"minecraft:oak_sapling":19,"minecraft:mutton":13,"minecraft:coal":129,"minecraft:white_wool":48,"minecraft:cobblestone":19,"minecraft:sunflower":1},"minecraft:killed_by":{"minecraft:player":1,"born_in_chaos_v1:bloody_gadfly":1,"minecraft:stray":2,"iceandfire:ghost":3,"minecraft:vex":1},"minecraft:mined":{"minecraft:white_bed":1,"iceandfire:copper_pile":2,"minecraft:crafting_table":5,"biomesoplenty:bush":1,"minecraft:grass_block":4,"minecraft:cobblestone":3,"minecraft:tall_grass":1,"minecraft:gray_wool":1,"minecraft:wall_torch":1,"minecraft:spawner":2,"minecraft:hay_block":12,"minecraft:grass":12,"minecraft:oak_log":12,"iceandfire:gold_pile":3,"biomesoplenty:barley":2,"minecraft:iron_block":1,"minecraft:white_wool":1,"minecraft:oak_leaves":8},"minecraft:used":{"minecraft:cooked_mutton":1,"iceandfire:silver_sword":17,"minecraft:stone_pickaxe":5,"minecraft:oak_planks":5,"minecraft:shield":9,"minecraft:wooden_pickaxe":7,"minecraft:cherry_planks":4,"minecraft:cooked_salmon":1,"minecraft:torch":13,"minecraft:dirt":2,"minecraft:crafting_table":5,"minecraft:white_bed":3,"born_in_chaos_v1:corpse_maggot":7,"minecraft:wooden_axe":32,"minecraft:bread":7,"minecraft:iron_pickaxe":7,"minecraft:stone_axe":44,"minecraft:cobblestone":3,"minecraft:porkchop":1,"minecraft:cooked_beef":1},"minecraft:dropped":{"minecraft:stone_axe":1,"born_in_chaos_v1:wood_splitter_axe":1,"minecraft:feather":4,"born_in_chaos_v1:pieceofdarkmetal":4,"iceandfire:silver_sword":2,"minecraft:iron_pickaxe":1},"minecraft:killed":{"minecraft:vex":3,"minecraft:pig":3,"born_in_chaos_v1:zombie_lumberjack":1,"born_in_chaos_v1:baby_skeleton":1,"born_in_chaos_v1:maggot":2,"minecraft:sheep":3,"minecraft:skeleton":1,"born_in_chaos_v1:bloody_gadfly":1,"iceandfire:ghost":3,"minecraft:chicken":1,"born_in_chaos_v1:corpse_fly":3,"minecraft:cow":2}},"DataVersion":3465}