{"stats":{"minecraft:mined":{"minecraft:oak_leaves":4},"minecraft:custom":{"minecraft:jump":67,"minecraft:time_since_rest":8970,"minecraft:walk_on_water_one_cm":1343,"minecraft:leave_game":2,"minecraft:play_time":8970,"minecraft:sprint_one_cm":14211,"minecraft:damage_taken":140,"minecraft:time_since_death":8970,"minecraft:walk_one_cm":24195,"minecraft:sneak_time":16,"minecraft:total_world_time":8970,"minecraft:walk_under_water_one_cm":895,"minecraft:swim_one_cm":3112,"minecraft:fall_one_cm":1527,"minecraft:fly_one_cm":8882}},"DataVersion":3465}