{"stats":{"minecraft:killed":{"minecraft:zombie":1,"born_in_chaos_v1:zombie_lumberjack":1,"duneons:mountaineer":3},"minecraft:picked_up":{"duneons:soggyswamobricks":4,"minecraft:stick":1,"minecraft:jungle_log":1,"minecraft:acacia_log":5,"duneons:swampdirt":2,"minecraft:dark_oak_log":1,"minecraft:rotten_flesh":2,"minecraft:wheat_seeds":2,"minecraft:iron_ingot":1,"minecraft:moss_block":1,"minecraft:acacia_sapling":3,"minecraft:cobblestone":6},"minecraft:crafted":{"minecraft:crafting_table":1,"minecraft:stick":8,"minecraft:wooden_pickaxe":1,"minecraft:stone_pickaxe":1,"minecraft:wooden_axe":1,"minecraft:acacia_planks":16,"minecraft:stone_axe":1},"minecraft:used":{"minecraft:wooden_axe":4,"minecraft:stone_pickaxe":8,"minecraft:wooden_pickaxe":8,"minecraft:stone_axe":16,"minecraft:crafting_table":1,"duneons:highlandberries":1},"minecraft:mined":{"duneons:swampdirt":2,"duneons:soggyswamobricks":5,"minecraft:acacia_leaves":9,"minecraft:grass":3,"minecraft:acacia_log":5,"minecraft:stone":6,"minecraft:moss_block":1},"minecraft:custom":{"minecraft:time_since_rest":9093,"minecraft:sprint_one_cm":27461,"minecraft:damage_taken":90,"minecraft:walk_one_cm":26339,"minecraft:mob_kills":5,"minecraft:damage_dealt":1050,"minecraft:interact_with_crafting_table":4,"minecraft:fly_one_cm":19505,"minecraft:open_chest":1,"minecraft:crouch_one_cm":150,"minecraft:play_time":9093,"minecraft:sneak_time":68,"minecraft:jump":149,"minecraft:leave_game":1,"minecraft:time_since_death":9093,"minecraft:total_world_time":9093,"minecraft:fall_one_cm":2475}},"DataVersion":3465}