{"stats":{"minecraft:custom":{"minecraft:jump":89,"minecraft:time_since_rest":4587,"minecraft:crouch_one_cm":236,"minecraft:leave_game":4,"minecraft:play_time":4587,"minecraft:sprint_one_cm":5795,"minecraft:damage_taken":80,"minecraft:time_since_death":4587,"minecraft:walk_one_cm":11873,"minecraft:sneak_time":38,"minecraft:total_world_time":4587,"minecraft:fall_one_cm":4863,"minecraft:fly_one_cm":6893},"minecraft:mined":{"minecraft:oak_log":4,"minecraft:grass_block":1},"minecraft:picked_up":{"minecraft:oak_log":4,"minecraft:dirt":1}},"DataVersion":3465}