{"stats":{"minecraft:crafted":{"minecraft:oak_planks":28,"minecraft:furnace":1,"minecraft:cooked_mutton":6,"minecraft:glass":4,"minecraft:iron_boots":1,"minecraft:stone_pickaxe":2,"minecraft:wheat":27,"minecraft:cooked_beef":10,"minecraft:crafting_table":4,"minecraft:wooden_pickaxe":2,"minecraft:iron_helmet":1,"minecraft:stone_axe":1,"minecraft:orange_dye":2,"minecraft:bread":9,"minecraft:air":0,"minecraft:iron_chestplate":1,"minecraft:shield":1,"minecraft:stick":16,"minecraft:iron_shovel":1,"minecraft:iron_leggings":1,"minecraft:torch":16},"minecraft:picked_up":{"minecraft:wooden_axe":6,"minecraft:crafting_table":8,"minecraft:iron_chestplate":1,"minecraft:wheat":132,"born_in_chaos_v1:seedof_chaos":2,"iceandfire:fire_lily":1,"minecraft:brown_mushroom":38,"minecraft:wooden_pickaxe":2,"minecraft:oak_stairs":3,"minecraft:wither_rose":2,"minecraft:chain":2,"minecraft:shield":2,"minecraft:string":118,"born_in_chaos_v1:intoxicating_decoction":8,"minecraft:cracked_stone_bricks":5,"minecraft:gold_nugget":1,"minecraft:beef":23,"minecraft:poppy":3,"minecraft:iron_pickaxe":1,"minecraft:light_gray_wool":1,"minecraft:chest":2,"minecraft:furnace":3,"minecraft:golden_helmet":2,"minecraft:tipped_arrow":11,"minecraft:stick":2,"minecraft:oak_door":3,"minecraft:torch":63,"minecraft:porkchop":4,"minecraft:cherry_log":4,"born_in_chaos_v1:pieceofdarkmetal":9,"minecraft:carrot":17,"minecraft:iron_horse_armor":2,"minecraft:rotten_flesh":38,"minecraft:arrow":23,"minecraft:weeping_vines":6,"born_in_chaos_v1:wood_splitter_axe":2,"minecraft:hay_block":3,"minecraft:iron_block":1,"minecraft:gold_ingot":12,"minecraft:mutton":20,"minecraft:cobblestone":40,"minecraft:skeleton_skull":1,"minecraft:white_wool":60,"born_in_chaos_v1:corpse_maggot":6,"minecraft:pink_petals":120,"minecraft:feather":8,"minecraft:leather":8,"minecraft:potato":5,"minecraft:oak_log":27,"iceandfire:ectoplasm":3,"minecraft:gunpowder":9,"minecraft:dirt":73,"born_in_chaos_v1:monster_skin":9,"born_in_chaos_v1:marigolds":2,"minecraft:bone":69,"minecraft:apple":10,"minecraft:wheat_seeds":44,"minecraft:stone_pickaxe":4,"minecraft:iron_ingot":6,"born_in_chaos_v1:smoked_flesh":18,"minecraft:oak_planks":295,"minecraft:poisonous_potato":3,"minecraft:gravel":2,"minecraft:sand":31,"minecraft:white_bed":2,"minecraft:spider_eye":21,"minecraft:mossy_cobblestone":1,"minecraft:diamond":2,"minecraft:stone_axe":5,"iceandfire:silver_sword":10,"minecraft:iron_helmet":1,"minecraft:gray_wool":1,"minecraft:emerald":39,"minecraft:bread":70,"minecraft:oak_sapling":12,"born_in_chaos_v1:rotten_fish":1,"minecraft:coal":127},"minecraft:killed":{"born_in_chaos_v1:zombie_clown":1,"minecraft:cave_spider":4,"minecraft:spider":2,"born_in_chaos_v1:baby_skeleton_minion":6,"born_in_chaos_v1:maggot":1,"born_in_chaos_v1:corpse_fish":1,"minecraft:pig":2,"born_in_chaos_v1:baby_skeleton":1,"born_in_chaos_v1:decrepit_skeleton":1,"minecraft:sheep":12,"iceandfire:ghost":3,"born_in_chaos_v1:corpse_fly":7,"born_in_chaos_v1:bonescaller_not_despawn":1,"minecraft:cow":4},"minecraft:killed_by":{"born_in_chaos_v1:baby_skeleton_minion":1,"minecraft:stray":1,"born_in_chaos_v1:corpse_fly":1,"born_in_chaos_v1:corpse_fish":1,"iceandfire:ghost":2,"born_in_chaos_v1:maggot":1,"minecraft:vex":4},"minecraft:custom":{"minecraft:mob_kills":69,"minecraft:interact_with_crafting_table":15,"minecraft:open_barrel":13,"minecraft:damage_dealt_resisted":299,"minecraft:leave_game":3,"minecraft:time_since_death":34005,"minecraft:climb_one_cm":171,"minecraft:sprint_one_cm":232940,"minecraft:walk_one_cm":294921,"minecraft:drop":31,"minecraft:play_time":94374,"minecraft:deaths":12,"minecraft:sneak_time":1147,"minecraft:walk_under_water_one_cm":6890,"minecraft:jump":2379,"minecraft:walk_on_water_one_cm":15609,"minecraft:total_world_time":94374,"minecraft:interact_with_furnace":26,"minecraft:interact_with_stonecutter":1,"minecraft:sleep_in_bed":4,"minecraft:time_since_rest":29232,"minecraft:damage_taken":4971,"minecraft:trigger_trapped_chest":3,"minecraft:damage_dealt":10350,"minecraft:swim_one_cm":30689,"minecraft:fly_one_cm":497903,"minecraft:open_chest":39,"minecraft:crouch_one_cm":4169,"minecraft:interact_with_smoker":1,"minecraft:fall_one_cm":79064},"minecraft:used":{"minecraft:iron_shovel":40,"iceandfire:silver_sword":233,"minecraft:chest":1,"minecraft:rotten_flesh":6,"minecraft:torch":7,"minecraft:dirt":28,"minecraft:mutton":6,"born_in_chaos_v1:corpse_maggot":8,"minecraft:wooden_axe":17,"minecraft:iron_axe":2,"minecraft:furnace":3,"minecraft:cooked_beef":3,"minecraft:potato":7,"minecraft:cooked_mutton":2,"minecraft:stone_pickaxe":65,"minecraft:oak_planks":2,"minecraft:wooden_pickaxe":21,"minecraft:mossy_cobblestone":1,"minecraft:crafting_table":7,"minecraft:white_bed":2,"minecraft:diamond_pickaxe":1,"minecraft:apple":2,"minecraft:bread":21,"minecraft:iron_pickaxe":1,"minecraft:stone_axe":69,"born_in_chaos_v1:rotten_fish":1,"minecraft:porkchop":4},"minecraft:dropped":{"minecraft:iron_ingot":1,"minecraft:bread":3,"born_in_chaos_v1:wood_splitter_axe":1,"minecraft:brown_mushroom":8,"minecraft:diamond":2,"minecraft:iron_helmet":1,"minecraft:feather":4,"iceandfire:ectoplasm":3,"minecraft:cracked_stone_bricks":1,"minecraft:iron_block":1,"minecraft:mutton":4,"minecraft:wooden_axe":1,"minecraft:chain":2,"minecraft:gold_nugget":1,"minecraft:wither_rose":1,"minecraft:iron_pickaxe":1,"minecraft:pink_petals":15,"minecraft:oak_planks":2,"iceandfire:fire_lily":1,"minecraft:poppy":1,"minecraft:shield":1,"born_in_chaos_v1:corpse_maggot":1,"minecraft:oak_sapling":2,"minecraft:stone_pickaxe":1,"minecraft:beef":6},"minecraft:mined":{"minecraft:white_bed":2,"minecraft:grass_block":28,"minecraft:weeping_vines":4,"minecraft:hay_block":3,"minecraft:weeping_vines_plant":2,"minecraft:furnace":3,"minecraft:dirt_path":1,"minecraft:stone":23,"minecraft:iron_block":1,"minecraft:glass_pane":1,"born_in_chaos_v1:marigolds":2,"minecraft:crafting_table":6,"minecraft:torch":2,"minecraft:chest":3,"iceandfire:fire_lily":1,"minecraft:tall_grass":7,"minecraft:oak_planks":2,"minecraft:wall_torch":1,"minecraft:wither_rose":1,"minecraft:grass":18,"minecraft:oak_log":7,"minecraft:coal_ore":49,"minecraft:sand":33,"minecraft:dirt":9,"minecraft:cobweb":23,"minecraft:oak_leaves":3}},"DataVersion":3465}