{"stats":{"minecraft:crafted":{"minecraft:oak_planks":20,"minecraft:crafting_table":1,"minecraft:stick":8,"minecraft:wooden_pickaxe":1,"minecraft:stone_pickaxe":1,"minecraft:furnace":1,"minecraft:torch":12,"minecraft:stone_axe":1,"minecraft:air":0,"minecraft:cooked_mutton":6},"minecraft:picked_up":{"born_in_chaos_v1:corpse_maggot":2,"minecraft:stick":1,"minecraft:crafting_table":5,"minecraft:wooden_pickaxe":1,"minecraft:gravel":2,"minecraft:porkchop":4,"minecraft:oak_log":5,"minecraft:cherry_log":4,"minecraft:dirt":33,"minecraft:rotten_flesh":1,"minecraft:stone_axe":1,"iceandfire:silver_sword":1,"minecraft:stone_pickaxe":1,"minecraft:oak_sapling":4,"minecraft:oak_planks":9,"minecraft:mutton":13,"minecraft:coal":103,"minecraft:white_wool":16,"minecraft:cobblestone":22,"minecraft:furnace":2},"minecraft:custom":{"minecraft:time_since_rest":362,"minecraft:interact_with_furnace":12,"minecraft:sprint_one_cm":58968,"minecraft:damage_taken":1080,"minecraft:walk_one_cm":60414,"minecraft:trigger_trapped_chest":3,"minecraft:mob_kills":14,"minecraft:drop":1,"minecraft:damage_dealt":1700,"minecraft:interact_with_crafting_table":4,"minecraft:fly_one_cm":141754,"minecraft:open_chest":1,"minecraft:crouch_one_cm":1387,"minecraft:play_time":23786,"minecraft:deaths":3,"minecraft:sneak_time":270,"minecraft:jump":736,"minecraft:leave_game":1,"minecraft:time_since_death":334,"minecraft:climb_one_cm":171,"minecraft:total_world_time":23786,"minecraft:fall_one_cm":24763},"minecraft:killed_by":{"iceandfire:ghost":2,"born_in_chaos_v1:maggot":1},"minecraft:mined":{"minecraft:furnace":2,"minecraft:crafting_table":4,"minecraft:grass":3,"minecraft:grass_block":4,"minecraft:oak_log":5,"minecraft:coal_ore":43,"minecraft:chest":1,"minecraft:dirt":2,"minecraft:tall_grass":2,"minecraft:stone":18,"minecraft:oak_leaves":2},"minecraft:used":{"minecraft:cooked_mutton":2,"born_in_chaos_v1:corpse_maggot":4,"minecraft:stone_pickaxe":55,"minecraft:wooden_pickaxe":18,"minecraft:rotten_flesh":1,"minecraft:torch":3,"minecraft:stone_axe":63,"minecraft:dirt":11,"minecraft:mutton":6,"minecraft:crafting_table":3,"minecraft:furnace":3,"minecraft:porkchop":4},"minecraft:dropped":{"born_in_chaos_v1:corpse_maggot":1},"minecraft:killed":{"minecraft:sheep":8,"minecraft:pig":2,"iceandfire:ghost":1,"born_in_chaos_v1:corpse_fly":2,"born_in_chaos_v1:maggot":1}},"DataVersion":3465}