{"stats":{"minecraft:picked_up":{"minecraft:wheat_seeds":1,"minecraft:dirt":8},"minecraft:dropped":{"minecraft:wheat_seeds":1},"minecraft:used":{"minecraft:dirt":8},"minecraft:custom":{"minecraft:jump":99,"minecraft:time_since_rest":5045,"minecraft:leave_game":1,"minecraft:crouch_one_cm":907,"minecraft:sprint_one_cm":5975,"minecraft:play_time":5045,"minecraft:walk_on_water_one_cm":365,"minecraft:time_since_death":5045,"minecraft:walk_one_cm":5094,"minecraft:climb_one_cm":19818,"minecraft:sneak_time":216,"minecraft:total_world_time":5045,"minecraft:walk_under_water_one_cm":1029,"minecraft:drop":1,"minecraft:fall_one_cm":2055,"minecraft:fly_one_cm":16100},"minecraft:mined":{"duneons:wood_stronghold":1,"minecraft:grass_block":6,"minecraft:dirt":2}},"DataVersion":3465}