{"stats":{"minecraft:crafted":{"minecraft:oak_planks":28,"minecraft:crafting_table":2,"minecraft:wooden_pickaxe":2,"minecraft:furnace":1,"minecraft:stone_axe":1,"minecraft:cooked_mutton":6,"minecraft:bread":9,"minecraft:air":0,"minecraft:stick":12,"minecraft:stone_pickaxe":2,"minecraft:torch":16,"minecraft:wheat":27},"minecraft:custom":{"minecraft:interact_with_furnace":12,"minecraft:mob_kills":21,"minecraft:interact_with_crafting_table":7,"minecraft:open_barrel":13,"minecraft:interact_with_stonecutter":1,"minecraft:leave_game":1,"minecraft:time_since_death":7871,"minecraft:sleep_in_bed":3,"minecraft:climb_one_cm":171,"minecraft:time_since_rest":1315,"minecraft:sprint_one_cm":131164,"minecraft:damage_taken":2090,"minecraft:walk_one_cm":128141,"minecraft:trigger_trapped_chest":3,"minecraft:drop":2,"minecraft:damage_dealt":2981,"minecraft:swim_one_cm":23479,"minecraft:fly_one_cm":323395,"minecraft:open_chest":10,"minecraft:crouch_one_cm":4051,"minecraft:play_time":47786,"minecraft:deaths":5,"minecraft:sneak_time":1081,"minecraft:walk_under_water_one_cm":2965,"minecraft:jump":1458,"minecraft:walk_on_water_one_cm":10532,"minecraft:total_world_time":47786,"minecraft:fall_one_cm":50974},"minecraft:picked_up":{"minecraft:wooden_axe":1,"minecraft:pink_petals":15,"born_in_chaos_v1:corpse_maggot":2,"minecraft:crafting_table":6,"minecraft:leather":2,"minecraft:brown_mushroom":6,"minecraft:wooden_pickaxe":1,"minecraft:wither_rose":1,"minecraft:oak_log":12,"minecraft:dirt":58,"born_in_chaos_v1:intoxicating_decoction":1,"minecraft:bone":6,"minecraft:wheat_seeds":9,"born_in_chaos_v1:smoked_flesh":3,"minecraft:stone_pickaxe":1,"minecraft:oak_planks":43,"minecraft:furnace":2,"minecraft:stick":2,"minecraft:oak_door":3,"minecraft:gravel":2,"minecraft:porkchop":4,"minecraft:cherry_log":4,"minecraft:white_bed":1,"minecraft:iron_horse_armor":1,"minecraft:rotten_flesh":13,"minecraft:stone_axe":1,"iceandfire:silver_sword":3,"minecraft:hay_block":3,"minecraft:oak_sapling":7,"minecraft:mutton":14,"minecraft:coal":114,"minecraft:cobblestone":26,"minecraft:white_wool":22},"minecraft:killed_by":{"born_in_chaos_v1:corpse_fish":1,"iceandfire:ghost":2,"born_in_chaos_v1:maggot":1},"minecraft:mined":{"minecraft:white_bed":1,"minecraft:crafting_table":5,"minecraft:grass_block":24,"minecraft:chest":1,"minecraft:tall_grass":7,"minecraft:hay_block":3,"minecraft:furnace":2,"minecraft:wither_rose":1,"minecraft:grass":10,"minecraft:coal_ore":49,"minecraft:oak_log":7,"minecraft:dirt_path":1,"minecraft:dirt":5,"minecraft:stone":23,"minecraft:oak_leaves":3},"minecraft:used":{"minecraft:cooked_mutton":2,"iceandfire:silver_sword":20,"minecraft:stone_pickaxe":65,"minecraft:wooden_pickaxe":21,"minecraft:rotten_flesh":1,"minecraft:torch":4,"minecraft:dirt":27,"minecraft:mutton":6,"minecraft:crafting_table":5,"minecraft:white_bed":1,"born_in_chaos_v1:corpse_maggot":4,"minecraft:bread":8,"minecraft:stone_axe":63,"minecraft:furnace":3,"minecraft:porkchop":4},"minecraft:dropped":{"minecraft:bread":1,"born_in_chaos_v1:corpse_maggot":1},"minecraft:killed":{"born_in_chaos_v1:zombie_clown":1,"minecraft:pig":2,"born_in_chaos_v1:decrepit_skeleton":1,"born_in_chaos_v1:maggot":1,"minecraft:sheep":9,"iceandfire:ghost":2,"born_in_chaos_v1:corpse_fly":2}},"DataVersion":3465}