{"stats":{"minecraft:crafted":{"minecraft:oak_planks":28,"minecraft:crafting_table":2,"minecraft:wooden_pickaxe":2,"minecraft:furnace":1,"minecraft:stone_axe":1,"minecraft:cooked_mutton":6,"minecraft:bread":9,"minecraft:air":0,"minecraft:stick":12,"minecraft:stone_pickaxe":2,"minecraft:torch":16,"minecraft:wheat":27},"minecraft:custom":{"minecraft:interact_with_furnace":12,"minecraft:mob_kills":34,"minecraft:interact_with_crafting_table":7,"minecraft:open_barrel":13,"minecraft:damage_dealt_resisted":40,"minecraft:interact_with_stonecutter":1,"minecraft:leave_game":1,"minecraft:time_since_death":2610,"minecraft:sleep_in_bed":3,"minecraft:climb_one_cm":171,"minecraft:time_since_rest":2644,"minecraft:sprint_one_cm":156154,"minecraft:damage_taken":4110,"minecraft:walk_one_cm":199543,"minecraft:trigger_trapped_chest":3,"minecraft:drop":6,"minecraft:damage_dealt":5079,"minecraft:swim_one_cm":29884,"minecraft:fly_one_cm":338827,"minecraft:open_chest":14,"minecraft:crouch_one_cm":4051,"minecraft:play_time":59786,"minecraft:deaths":11,"minecraft:sneak_time":1082,"minecraft:walk_under_water_one_cm":3351,"minecraft:jump":1574,"minecraft:walk_on_water_one_cm":12847,"minecraft:total_world_time":59786,"minecraft:fall_one_cm":51183},"minecraft:picked_up":{"minecraft:wooden_axe":5,"minecraft:iron_chestplate":1,"minecraft:pink_petals":105,"born_in_chaos_v1:corpse_maggot":2,"minecraft:crafting_table":8,"minecraft:wheat":132,"minecraft:leather":2,"minecraft:brown_mushroom":30,"minecraft:wooden_pickaxe":2,"minecraft:potato":5,"minecraft:wither_rose":1,"minecraft:oak_log":27,"minecraft:shield":2,"minecraft:string":91,"minecraft:dirt":63,"born_in_chaos_v1:monster_skin":9,"born_in_chaos_v1:intoxicating_decoction":7,"minecraft:bone":47,"minecraft:apple":10,"minecraft:cracked_stone_bricks":4,"minecraft:wheat_seeds":42,"minecraft:beef":10,"born_in_chaos_v1:smoked_flesh":18,"minecraft:stone_pickaxe":4,"minecraft:poppy":2,"minecraft:iron_pickaxe":1,"minecraft:oak_planks":234,"minecraft:furnace":2,"minecraft:golden_helmet":1,"minecraft:tipped_arrow":4,"minecraft:stick":2,"minecraft:oak_door":3,"minecraft:torch":49,"minecraft:poisonous_potato":3,"minecraft:gravel":2,"minecraft:porkchop":4,"minecraft:cherry_log":4,"born_in_chaos_v1:pieceofdarkmetal":4,"minecraft:white_bed":1,"minecraft:carrot":17,"minecraft:spider_eye":17,"minecraft:iron_horse_armor":2,"minecraft:weeping_vines":6,"minecraft:arrow":10,"minecraft:rotten_flesh":37,"minecraft:stone_axe":3,"born_in_chaos_v1:wood_splitter_axe":2,"iceandfire:silver_sword":9,"minecraft:hay_block":3,"minecraft:iron_block":1,"minecraft:gray_wool":1,"minecraft:emerald":24,"minecraft:gold_ingot":12,"minecraft:bread":58,"minecraft:oak_sapling":10,"minecraft:mutton":15,"minecraft:skeleton_skull":1,"minecraft:coal":127,"minecraft:cobblestone":40,"minecraft:white_wool":50},"minecraft:killed_by":{"minecraft:stray":1,"born_in_chaos_v1:corpse_fish":1,"born_in_chaos_v1:corpse_fly":1,"iceandfire:ghost":2,"born_in_chaos_v1:maggot":1,"minecraft:vex":4},"minecraft:mined":{"minecraft:white_bed":1,"minecraft:crafting_table":5,"minecraft:torch":2,"minecraft:grass_block":24,"minecraft:chest":1,"minecraft:weeping_vines":4,"minecraft:tall_grass":7,"minecraft:oak_planks":2,"minecraft:wall_torch":1,"minecraft:hay_block":3,"minecraft:weeping_vines_plant":2,"minecraft:furnace":2,"minecraft:wither_rose":1,"minecraft:grass":10,"minecraft:coal_ore":49,"minecraft:oak_log":7,"minecraft:dirt_path":1,"minecraft:dirt":5,"minecraft:cobweb":23,"minecraft:stone":23,"minecraft:iron_block":1,"minecraft:oak_leaves":3},"minecraft:used":{"minecraft:cooked_mutton":2,"iceandfire:silver_sword":121,"minecraft:stone_pickaxe":65,"minecraft:wooden_pickaxe":21,"minecraft:rotten_flesh":5,"minecraft:torch":7,"minecraft:dirt":27,"minecraft:mutton":6,"minecraft:crafting_table":5,"minecraft:white_bed":1,"born_in_chaos_v1:corpse_maggot":4,"minecraft:apple":2,"minecraft:iron_pickaxe":1,"minecraft:bread":11,"minecraft:stone_axe":65,"minecraft:furnace":3,"minecraft:porkchop":4,"minecraft:potato":7},"minecraft:dropped":{"minecraft:bread":1,"born_in_chaos_v1:wood_splitter_axe":1,"minecraft:iron_block":1,"minecraft:shield":1,"born_in_chaos_v1:corpse_maggot":1,"minecraft:iron_pickaxe":1},"minecraft:killed":{"born_in_chaos_v1:zombie_clown":1,"minecraft:cave_spider":4,"minecraft:pig":2,"born_in_chaos_v1:baby_skeleton":1,"minecraft:spider":2,"born_in_chaos_v1:decrepit_skeleton":1,"born_in_chaos_v1:maggot":1,"minecraft:sheep":9,"iceandfire:ghost":2,"born_in_chaos_v1:corpse_fly":2}},"DataVersion":3465}