{"stats":{"minecraft:crafted":{"minecraft:oak_planks":28,"minecraft:crafting_table":2,"minecraft:wooden_pickaxe":2,"minecraft:furnace":1,"minecraft:stone_axe":1,"minecraft:cooked_mutton":6,"minecraft:bread":9,"minecraft:air":0,"minecraft:stick":12,"minecraft:stone_pickaxe":2,"minecraft:torch":12,"minecraft:wheat":27},"minecraft:custom":{"minecraft:interact_with_furnace":12,"minecraft:mob_kills":15,"minecraft:interact_with_crafting_table":7,"minecraft:interact_with_stonecutter":1,"minecraft:leave_game":1,"minecraft:time_since_death":12334,"minecraft:climb_one_cm":171,"minecraft:time_since_rest":12362,"minecraft:sprint_one_cm":94941,"minecraft:damage_taken":1380,"minecraft:walk_one_cm":86370,"minecraft:trigger_trapped_chest":3,"minecraft:drop":2,"minecraft:damage_dealt":2005,"minecraft:swim_one_cm":7238,"minecraft:fly_one_cm":215926,"minecraft:open_chest":2,"minecraft:crouch_one_cm":3517,"minecraft:play_time":35786,"minecraft:deaths":3,"minecraft:sneak_time":860,"minecraft:walk_under_water_one_cm":1799,"minecraft:jump":1062,"minecraft:walk_on_water_one_cm":4656,"minecraft:total_world_time":35786,"minecraft:fall_one_cm":36719},"minecraft:picked_up":{"born_in_chaos_v1:corpse_maggot":2,"minecraft:crafting_table":6,"minecraft:wooden_pickaxe":1,"minecraft:wither_rose":1,"minecraft:oak_log":7,"minecraft:dirt":49,"minecraft:wheat_seeds":2,"minecraft:stone_pickaxe":1,"minecraft:oak_planks":23,"minecraft:furnace":2,"minecraft:stick":1,"minecraft:oak_door":3,"minecraft:gravel":2,"minecraft:porkchop":4,"minecraft:cherry_log":4,"minecraft:rotten_flesh":1,"minecraft:stone_axe":1,"iceandfire:silver_sword":2,"minecraft:hay_block":3,"minecraft:oak_sapling":4,"minecraft:mutton":13,"minecraft:coal":109,"minecraft:cobblestone":26,"minecraft:white_wool":17},"minecraft:killed_by":{"iceandfire:ghost":2,"born_in_chaos_v1:maggot":1},"minecraft:mined":{"minecraft:crafting_table":5,"minecraft:grass_block":18,"minecraft:chest":1,"minecraft:tall_grass":7,"minecraft:hay_block":3,"minecraft:furnace":2,"minecraft:wither_rose":1,"minecraft:grass":6,"minecraft:coal_ore":49,"minecraft:oak_log":7,"minecraft:dirt_path":1,"minecraft:dirt":3,"minecraft:stone":23,"minecraft:oak_leaves":2},"minecraft:used":{"minecraft:cooked_mutton":2,"minecraft:stone_pickaxe":65,"minecraft:wooden_pickaxe":21,"minecraft:rotten_flesh":1,"minecraft:torch":3,"minecraft:dirt":12,"minecraft:mutton":6,"minecraft:crafting_table":5,"born_in_chaos_v1:corpse_maggot":4,"minecraft:bread":7,"minecraft:stone_axe":63,"minecraft:furnace":3,"minecraft:porkchop":4},"minecraft:dropped":{"minecraft:bread":1,"born_in_chaos_v1:corpse_maggot":1},"minecraft:killed":{"minecraft:pig":2,"born_in_chaos_v1:maggot":1,"minecraft:sheep":8,"iceandfire:ghost":2,"born_in_chaos_v1:corpse_fly":2}},"DataVersion":3465}