{"stats":{"minecraft:mined":{"minecraft:grass":1,"minecraft:acacia_leaves":1,"biomesoplenty:mahogany_leaves":4,"minecraft:jungle_log":2,"biomesoplenty:mahogany_log":3},"minecraft:custom":{"minecraft:time_since_rest":5433,"minecraft:crouch_one_cm":475,"minecraft:walk_one_cm":12694,"minecraft:play_time":8409,"minecraft:sprint_one_cm":4243,"minecraft:damage_taken":390,"minecraft:deaths":1,"minecraft:sneak_time":344,"minecraft:jump":139,"minecraft:damage_dealt":69,"minecraft:leave_game":2,"minecraft:time_since_death":5398,"minecraft:total_world_time":8409,"minecraft:climb_one_cm":537,"minecraft:fall_one_cm":4252,"minecraft:fly_one_cm":14701,"minecraft:player_kills":1},"minecraft:killed_by":{"minecraft:player":1},"minecraft:picked_up":{"biomesoplenty:mahogany_log":3,"minecraft:jungle_log":2},"minecraft:crafted":{"minecraft:crafting_table":1,"minecraft:stick":4,"biomesoplenty:mahogany_planks":12}},"DataVersion":3465}