{"stats":{"minecraft:dropped":{"born_in_chaos_v1:corpse_maggot":1},"minecraft:crafted":{"minecraft:oak_planks":20,"minecraft:crafting_table":1,"minecraft:stick":8,"minecraft:wooden_pickaxe":1,"minecraft:stone_pickaxe":1,"minecraft:furnace":1,"minecraft:torch":12,"minecraft:stone_axe":1,"minecraft:air":0,"minecraft:cooked_mutton":6},"minecraft:killed":{"minecraft:sheep":8,"minecraft:pig":2,"born_in_chaos_v1:corpse_fly":2,"born_in_chaos_v1:maggot":1},"minecraft:used":{"born_in_chaos_v1:corpse_maggot":4,"minecraft:cooked_mutton":2,"minecraft:stone_pickaxe":55,"minecraft:wooden_pickaxe":18,"minecraft:rotten_flesh":1,"minecraft:stone_axe":41,"minecraft:torch":3,"minecraft:dirt":11,"minecraft:mutton":6,"minecraft:crafting_table":3,"minecraft:furnace":3,"minecraft:porkchop":4},"minecraft:killed_by":{"born_in_chaos_v1:maggot":1},"minecraft:mined":{"minecraft:furnace":2,"minecraft:crafting_table":4,"minecraft:grass":3,"minecraft:grass_block":4,"minecraft:oak_log":5,"minecraft:coal_ore":43,"minecraft:chest":1,"minecraft:dirt":2,"minecraft:tall_grass":2,"minecraft:stone":18},"minecraft:picked_up":{"born_in_chaos_v1:corpse_maggot":2,"minecraft:stick":1,"minecraft:crafting_table":4,"minecraft:gravel":1,"minecraft:porkchop":4,"minecraft:oak_log":5,"minecraft:cherry_log":2,"minecraft:dirt":22,"minecraft:rotten_flesh":1,"minecraft:oak_sapling":1,"minecraft:mutton":13,"minecraft:coal":65,"minecraft:white_wool":8,"minecraft:cobblestone":18,"minecraft:furnace":2},"minecraft:custom":{"minecraft:time_since_rest":6715,"minecraft:interact_with_furnace":12,"minecraft:sprint_one_cm":47947,"minecraft:damage_taken":690,"minecraft:walk_one_cm":58117,"minecraft:mob_kills":13,"minecraft:drop":1,"minecraft:damage_dealt":1340,"minecraft:interact_with_crafting_table":4,"minecraft:fly_one_cm":102469,"minecraft:open_chest":1,"minecraft:crouch_one_cm":1301,"minecraft:play_time":21030,"minecraft:deaths":1,"minecraft:sneak_time":244,"minecraft:jump":606,"minecraft:leave_game":1,"minecraft:time_since_death":6688,"minecraft:total_world_time":21030,"minecraft:fall_one_cm":19513}},"DataVersion":3465}