{"stats":{"minecraft:killed":{"born_in_chaos_v1:fallen_chaos_knight":1,"minecraft:witch":2,"born_in_chaos_v1:corpse_fly":4,"minecraft:salmon":11,"born_in_chaos_v1:maggot":1},"minecraft:dropped":{"minecraft:wheat_seeds":1},"minecraft:picked_up":{"minecraft:coarse_dirt":2,"duneons:dungeonscharreddirt":3,"born_in_chaos_v1:corpse_maggot":2,"minecraft:stick":5,"minecraft:crafting_table":3,"minecraft:salmon":17,"minecraft:wooden_pickaxe":2,"minecraft:acacia_log":3,"born_in_chaos_v1:pieceofdarkmetal":8,"minecraft:dirt":4,"minecraft:arrow":1,"minecraft:stone_sword":2,"minecraft:bone":4,"minecraft:acacia_planks":2,"minecraft:rotten_flesh":2,"minecraft:apple":3,"minecraft:wheat_seeds":2,"minecraft:stone_pickaxe":2,"minecraft:rooted_dirt":2,"minecraft:glowstone_dust":8,"minecraft:moss_block":3,"minecraft:acacia_sapling":3,"minecraft:cobblestone":37},"minecraft:killed_by":{"minecraft:witch":1},"minecraft:crafted":{"minecraft:crafting_table":1,"minecraft:stick":8,"minecraft:wooden_pickaxe":1,"minecraft:stone_pickaxe":1,"minecraft:stone_sword":1,"minecraft:acacia_planks":12,"minecraft:stone_axe":1},"minecraft:used":{"born_in_chaos_v1:corpse_maggot":1,"minecraft:stone_sword":70,"minecraft:stone_pickaxe":3,"minecraft:wooden_pickaxe":26,"minecraft:rotten_flesh":2,"minecraft:salmon":5,"minecraft:stone_axe":6,"minecraft:dirt":4,"minecraft:cobblestone":8,"minecraft:crafting_table":1},"minecraft:mined":{"minecraft:acacia_leaves":4,"minecraft:crafting_table":1,"minecraft:grass":4,"minecraft:acacia_log":3,"minecraft:grass_block":1,"minecraft:dirt":3,"minecraft:cobblestone":5,"duneons:dungeonscharreddirt":2,"minecraft:stone":18,"minecraft:oak_leaves":1},"minecraft:custom":{"minecraft:time_since_rest":2952,"minecraft:sprint_one_cm":27212,"minecraft:damage_taken":691,"minecraft:walk_one_cm":36755,"minecraft:mob_kills":20,"minecraft:drop":1,"minecraft:damage_dealt":1997,"minecraft:swim_one_cm":28019,"minecraft:interact_with_crafting_table":2,"minecraft:fly_one_cm":68878,"minecraft:open_chest":1,"minecraft:crouch_one_cm":343,"minecraft:walk_under_water_one_cm":6454,"minecraft:play_time":19869,"minecraft:deaths":2,"minecraft:sneak_time":205,"minecraft:damage_dealt_resisted":33,"minecraft:jump":366,"minecraft:walk_on_water_one_cm":4735,"minecraft:time_since_death":2915,"minecraft:total_world_time":19869,"minecraft:fall_one_cm":12521}},"DataVersion":3465}