{"stats":{"minecraft:picked_up":{"duneons:dungeonscharreddirt":1,"minecraft:acacia_log":3,"minecraft:acacia_sapling":1,"minecraft:dirt":4,"minecraft:cobblestone":13},"minecraft:crafted":{"minecraft:acacia_planks":12,"minecraft:crafting_table":1,"minecraft:stick":4,"minecraft:wooden_pickaxe":1},"minecraft:used":{"minecraft:crafting_table":1,"minecraft:wooden_pickaxe":19},"minecraft:mined":{"minecraft:acacia_log":3,"minecraft:grass_block":1,"minecraft:acacia_leaves":4,"minecraft:dirt":3,"minecraft:stone":13,"duneons:dungeonscharreddirt":2,"minecraft:oak_leaves":1},"minecraft:custom":{"minecraft:time_since_rest":6756,"minecraft:open_chest":1,"minecraft:crouch_one_cm":343,"minecraft:play_time":6756,"minecraft:sprint_one_cm":6033,"minecraft:damage_taken":201,"minecraft:walk_one_cm":12880,"minecraft:sneak_time":169,"minecraft:jump":124,"minecraft:damage_dealt":78,"minecraft:time_since_death":6756,"minecraft:total_world_time":6756,"minecraft:interact_with_crafting_table":1,"minecraft:fall_one_cm":4547,"minecraft:fly_one_cm":21421}},"DataVersion":3465}